 ,Label,Area,Mean,Perim.,Circ.,Feret,FeretX,FeretY,FeretAngle,MinFeret,AR,Round,Solidity
1,Image_14456-1.jpg (red)-1,29.045,255,22.613,0.714,8.811,321,1,109.29,4.574,1.734,0.577,0.891
2,Image_14456-1.jpg (red)-1,17.116,255,15.616,0.882,5.791,335,4,111.038,3.742,1.453,0.688,0.93
3,Image_14456-1.jpg (red)-1,70.539,255,36.18,0.677,13.747,427,16,176.532,7.069,2.091,0.478,0.893
4,Image_14456-1.jpg (red)-1,141.769,255,49.057,0.74,17.144,401,7,112.834,12.629,1.224,0.817,0.899
5,Image_14456-1.jpg (red)-1,40.629,255,28.695,0.62,9.883,475,14,157.751,6.237,1.609,0.622,0.839
6,Image_14456-1.jpg (red)-1,65.698,255,31.392,0.838,11.553,351,18,149.744,7.651,1.46,0.685,0.92
7,Image_14456-1.jpg (red)-1,17.462,255,15.473,0.917,5.997,500,18,146.31,4.158,1.485,0.674,0.918
8,Image_14456-1.jpg (red)-1,45.47,255,30.258,0.624,11.311,448,31,17.103,5.875,2.196,0.455,0.842
9,Image_14456-1.jpg (red)-1,51.175,255,31.736,0.638,12.123,324,28,157.834,6.352,2.157,0.464,0.819
10,Image_14456-1.jpg (red)-1,60.857,255,29.871,0.857,10.065,511,46,38.29,8.343,1.139,0.878,0.928
11,Image_14456-1.jpg (red)-1,62.067,255,30.887,0.818,11.157,532,34,153.435,7.484,1.405,0.712,0.939
12,Image_14456-1.jpg (red)-1,32.849,255,21.74,0.873,7.644,493,30,112.38,6.199,1.175,0.851,0.903
13,Image_14456-1.jpg (red)-1,15.041,255,14.054,0.957,5.075,434,43,55.008,4.158,1.1,0.909,0.926
14,Image_14456-1.jpg (red)-1,96.299,255,39.892,0.76,14.307,190,63,54.462,9.413,1.452,0.689,0.912
15,Image_14456-1.jpg (red)-1,65.698,255,32.895,0.763,11.768,316,60,57.995,7.258,1.698,0.589,0.925
16,Image_14456-1.jpg (red)-1,42.531,255,25.226,0.84,9.381,623,56,77.196,7.056,1.301,0.769,0.899
17,Image_14456-1.jpg (red)-1,66.735,255,35.407,0.669,12.087,383,39,153.435,8.764,1.366,0.732,0.874
18,Image_14456-1.jpg (red)-1,141.078,255,54.148,0.605,18.899,238,72,50.356,12.202,1.544,0.648,0.839
19,Image_14456-1.jpg (red)-1,28.008,255,20.95,0.802,8.368,458,38,153.435,4.485,1.93,0.518,0.942
20,Image_14456-1.jpg (red)-1,16.424,255,17.338,0.687,6.361,560,45,168.69,4.822,1.242,0.805,0.819
21,Image_14456-1.jpg (red)-1,26.106,255,19.489,0.864,7.274,289,46,149.036,5.654,1.21,0.826,0.901
22,Image_14456-1.jpg (red)-1,37.344,255,23.991,0.815,8.572,483,46,157.166,6.653,1.314,0.761,0.904
23,Image_14456-1.jpg (red)-1,97.51,255,47.638,0.54,16.616,334,69,31.701,9.433,1.802,0.555,0.838
24,Image_14456-1.jpg (red)-1,22.476,255,18.212,0.852,6.769,410,48,132.51,4.717,1.325,0.755,0.915
25,Image_14456-1.jpg (red)-1,95.089,255,37.415,0.854,13.537,217,79,79.38,9.993,1.363,0.733,0.925
26,Image_14456-1.jpg (red)-1,20.92,255,19.001,0.728,7.734,528,47,126.254,4.156,1.9,0.526,0.858
27,Image_14456-1.jpg (red)-1,51.348,255,30.418,0.697,11.5,604,51,139.399,6.174,1.996,0.501,0.888
28,Image_14456-1.jpg (red)-1,34.405,255,24.537,0.718,8.995,269,67,56.31,5.207,1.861,0.537,0.865
29,Image_14456-1.jpg (red)-1,44.433,255,27.864,0.719,8.995,568,50,123.69,8.033,1.089,0.918,0.861
30,Image_14456-1.jpg (red)-1,24.55,255,20.623,0.725,7.633,668,56,150.642,4.64,1.591,0.629,0.861
31,Image_14456-1.jpg (red)-1,42.358,255,26.301,0.769,9.344,371,57,159.146,6.756,1.249,0.801,0.87
32,Image_14456-1.jpg (red)-1,51.694,255,28.006,0.828,9.5,450,59,156.801,7.708,1.301,0.769,0.901
33,Image_14456-1.jpg (red)-1,66.044,255,33.744,0.729,12.404,497,68,13.57,7.367,1.794,0.557,0.888
34,Image_14456-1.jpg (red)-1,22.476,255,20.866,0.649,8.572,544,58,140.906,4.301,2.423,0.413,0.79
35,Image_14456-1.jpg (red)-1,111.686,255,45.588,0.675,16.849,411,73,15.751,9.263,2.01,0.498,0.882
36,Image_14456-1.jpg (red)-1,94.916,255,42.363,0.665,15.255,580,69,162.553,9.979,1.479,0.676,0.861
37,Image_14456-1.jpg (red)-1,154.736,255,55.038,0.642,21.38,276,85,13.496,10.785,2.187,0.457,0.91
38,Image_14456-1.jpg (red)-1,10.2,255,12.046,0.883,4.741,535,63,127.875,3.326,1.424,0.702,0.908
39,Image_14456-1.jpg (red)-1,269.016,255,75.216,0.598,28.642,192,64,99.189,12.831,2.247,0.445,0.91
40,Image_14456-1.jpg (red)-1,39.765,255,27.46,0.663,10.601,638,66,168.69,4.99,2.319,0.431,0.9
41,Image_14456-1.jpg (red)-1,54.287,255,30.56,0.73,10.601,663,72,154.44,7.272,1.241,0.806,0.886
42,Image_14456-1.jpg (red)-1,17.635,255,15.919,0.875,5.953,465,76,24.775,4.41,1.255,0.797,0.887
43,Image_14456-1.jpg (red)-1,13.831,255,14.054,0.88,5.655,627,69,143.973,3.742,1.423,0.703,0.899
44,Image_14456-1.jpg (red)-1,48.755,255,27.418,0.815,9.129,565,89,59.931,7.9,1.118,0.894,0.913
45,Image_14456-1.jpg (red)-1,68.81,255,32.811,0.803,11.65,509,78,145.176,8.655,1.403,0.713,0.912
46,Image_14456-1.jpg (red)-1,51.694,255,30.946,0.678,10.914,341,77,162.255,7.859,1.486,0.673,0.853
47,Image_14456-1.jpg (red)-1,39.937,255,24.092,0.865,8.957,238,96,68.199,6.237,1.44,0.694,0.928
48,Image_14456-1.jpg (red)-1,73.132,255,33.34,0.827,11.311,253,80,143.973,9.253,1.064,0.94,0.923
49,Image_14456-1.jpg (red)-1,176.347,255,63.984,0.541,22.538,444,76,142.496,14.005,1.587,0.63,0.81
50,Image_14456-1.jpg (red)-1,38.209,255,23.848,0.844,7.998,533,90,27.897,6.911,1.136,0.881,0.904
51,Image_14456-1.jpg (red)-1,19.536,255,18.758,0.698,6.769,484,93,79.38,4.574,1.577,0.634,0.819
52,Image_14456-1.jpg (red)-1,20.574,255,18.758,0.735,6.883,633,79,154.983,4.633,1.481,0.675,0.853
53,Image_14456-1.jpg (red)-1,56.189,255,29.283,0.823,10.787,384,93,27.553,6.924,1.584,0.631,0.922
54,Image_14456-1.jpg (red)-1,24.896,255,19.732,0.804,6.717,621,95,68.199,5.821,1.084,0.923,0.875
55,Image_14456-1.jpg (red)-1,51.175,255,27.335,0.861,9.482,316,95,15.255,7.197,1.294,0.773,0.897
56,Image_14456-1.jpg (red)-1,19.709,255,17.095,0.848,6.054,215,88,164.055,4.835,1.143,0.875,0.87
57,Image_14456-1.jpg (red)-1,214.037,255,66.983,0.599,21.465,395,98,158.405,17.292,1.178,0.849,0.829
58,Image_14456-1.jpg (red)-1,32.676,255,23.605,0.737,9.491,600,85,151.189,5.88,1.641,0.609,0.863
59,Image_14456-1.jpg (red)-1,88.519,255,43.782,0.58,14.701,672,92,151.26,8.973,1.698,0.589,0.805
60,Image_14456-1.jpg (red)-1,69.156,255,31.677,0.866,10.977,151,110,52.696,8.526,1.221,0.819,0.931
61,Image_14456-1.jpg (red)-1,10.028,255,11.903,0.889,4.649,470,91,169.695,3.326,1.322,0.756,0.872
62,Image_14456-1.jpg (red)-1,61.203,255,30.703,0.816,10.494,367,93,146.31,8.415,1.108,0.903,0.914
63,Image_14456-1.jpg (red)-1,22.303,255,19.631,0.727,7.845,287,91,147.995,4.322,1.761,0.568,0.902
64,Image_14456-1.jpg (red)-1,11.065,255,12.29,0.921,4.498,494,91,146.31,3.731,1.065,0.939,0.901
65,Image_14456-1.jpg (red)-1,42.358,255,26.301,0.769,9.572,557,104,34.38,6.305,1.659,0.603,0.872
66,Image_14456-1.jpg (red)-1,35.615,255,23.949,0.78,8.84,222,96,138.814,5.881,1.424,0.702,0.88
67,Image_14456-1.jpg (red)-1,20.92,255,18.758,0.747,6.769,504,96,169.38,4.574,1.414,0.707,0.883
68,Image_14456-1.jpg (red)-1,36.825,255,25.369,0.719,9.157,580,109,50.528,5.409,1.675,0.597,0.868
69,Image_14456-1.jpg (red)-1,50.311,255,31.333,0.644,10.985,630,93,150.524,6.123,1.933,0.517,0.87
70,Image_14456-1.jpg (red)-1,30.601,255,23.504,0.696,9.157,277,94,129.472,5.489,1.659,0.603,0.876
71,Image_14456-1.jpg (red)-1,11.238,255,13.323,0.796,5.075,431,104,55.008,3.528,1.584,0.631,0.833
72,Image_14456-1.jpg (red)-1,19.018,255,19.548,0.625,8.316,662,96,126.87,3.088,3.072,0.326,0.846
73,Image_14456-1.jpg (red)-1,54.633,255,32.063,0.668,12.108,336,101,105.945,6.082,2.059,0.486,0.92
74,Image_14456-1.jpg (red)-1,35.442,255,24.579,0.737,9.742,488,104,129.806,5.95,1.675,0.597,0.889
75,Image_14456-1.jpg (red)-1,37.69,255,25.999,0.701,10.227,508,104,153.435,6.471,1.512,0.661,0.865
76,Image_14456-1.jpg (red)-1,67.773,255,34.475,0.717,11.819,372,113,140.711,8.815,1.273,0.786,0.874
77,Image_14456-1.jpg (red)-1,56.881,255,29.527,0.82,9.671,165,125,25.463,8.208,1.118,0.895,0.905
78,Image_14456-1.jpg (red)-1,13.312,255,13.466,0.923,5.075,597,111,145.008,3.806,1.313,0.762,0.911
79,Image_14456-1.jpg (red)-1,93.014,255,41.632,0.674,15.806,223,144,63.435,8.067,2.114,0.473,0.876
80,Image_14456-1.jpg (red)-1,66.217,255,32.996,0.764,11.65,618,113,145.176,8.149,1.442,0.693,0.907
81,Image_14456-1.jpg (red)-1,41.666,255,26.058,0.771,9.734,651,110,109.983,5.651,1.685,0.593,0.883
82,Image_14456-1.jpg (red)-1,108.92,255,40.8,0.822,14.523,138,145,76.759,10.271,1.36,0.735,0.925
83,Image_14456-1.jpg (red)-1,28.7,255,21.354,0.791,7.812,355,115,154.799,5.397,1.507,0.664,0.874
84,Image_14456-1.jpg (red)-1,42.358,255,25.713,0.805,9.344,284,116,147.724,6.136,1.525,0.656,0.902
85,Image_14456-1.jpg (red)-1,76.071,255,35.205,0.771,13.312,311,118,141.34,8.182,1.621,0.617,0.924
86,Image_14456-1.jpg (red)-1,11.756,255,13.079,0.864,4.741,269,126,74.745,3.822,1.26,0.794,0.861
87,Image_14456-1.jpg (red)-1,35.961,255,24.537,0.751,9.157,537,119,129.472,5.14,1.904,0.525,0.891
88,Image_14456-1.jpg (red)-1,78.319,255,35.978,0.76,13.576,444,117,152.65,8.316,1.458,0.686,0.927
89,Image_14456-1.jpg (red)-1,60.511,255,31.534,0.765,11.56,688,118,127.694,6.544,1.795,0.557,0.911
90,Image_14456-1.jpg (red)-1,17.98,255,16.851,0.796,5.953,257,133,65.225,4.523,1.282,0.78,0.86
91,Image_14456-1.jpg (red)-1,38.554,255,27.62,0.635,10.428,590,124,156.501,6.136,1.872,0.534,0.823
92,Image_14456-1.jpg (red)-1,19.018,255,16.263,0.904,6.237,512,132,36.87,4.116,1.537,0.651,0.884
93,Image_14456-1.jpg (red)-1,50.138,255,28.065,0.8,9.482,268,134,164.745,7.938,1.089,0.918,0.894
94,Image_14456-1.jpg (red)-1,14.868,255,14.541,0.884,5.21,572,135,61.39,3.742,1.193,0.838,0.935
95,Image_14456-1.jpg (red)-1,77.282,255,35.104,0.788,12.91,185,157,75.069,8.04,1.553,0.644,0.926
96,Image_14456-1.jpg (red)-1,26.452,255,21.253,0.736,8.652,667,128,144.782,4.92,1.812,0.552,0.869
97,Image_14456-1.jpg (red)-1,10.028,255,12.046,0.868,4.741,347,130,142.125,3.528,1.334,0.75,0.892
98,Image_14456-1.jpg (red)-1,36.48,255,26.1,0.673,8.957,384,134,158.199,6.839,1.219,0.82,0.81
99,Image_14456-1.jpg (red)-1,20.055,255,16.406,0.936,6.181,530,128,109.654,4.574,1.358,0.736,0.921
100,Image_14456-1.jpg (red)-1,57.226,255,30.762,0.76,10.527,477,146,9.09,7.938,1.274,0.785,0.869
101,Image_14456-1.jpg (red)-1,182.225,255,60.171,0.632,21.626,581,132,127.972,12.222,1.752,0.571,0.886
102,Image_14456-1.jpg (red)-1,55.843,255,29.384,0.813,10.057,153,153,60.255,7.596,1.217,0.822,0.906
103,Image_14456-1.jpg (red)-1,37.517,255,23.848,0.829,8.572,634,149,50.906,6.694,1.341,0.746,0.895
104,Image_14456-1.jpg (red)-1,17.808,255,15.818,0.894,5.791,291,136,158.962,4.471,1.283,0.78,0.892
105,Image_14456-1.jpg (red)-1,18.845,255,17.38,0.784,7.069,119,134,118.072,3.931,1.941,0.515,0.912
106,Image_14456-1.jpg (red)-1,62.932,255,29.955,0.881,11.072,363,135,124.287,7.069,1.401,0.714,0.963
107,Image_14456-1.jpg (red)-1,46.334,255,26.444,0.833,9.344,410,153,57.724,7.014,1.378,0.726,0.898
108,Image_14456-1.jpg (red)-1,38.036,255,24.722,0.782,8.976,655,145,13.392,5.405,1.701,0.588,0.911
109,Image_14456-1.jpg (red)-1,17.462,255,16.406,0.815,5.997,310,138,146.31,4.403,1.496,0.669,0.86
110,Image_14456-1.jpg (red)-1,40.802,255,26.587,0.725,8.419,615,152,32.905,7.463,1.104,0.906,0.869
111,Image_14456-1.jpg (red)-1,56.535,255,32.223,0.684,11.417,533,156,10.491,7.721,1.65,0.606,0.864
112,Image_14456-1.jpg (red)-1,56.708,255,33.601,0.631,13.286,439,139,110.136,6.282,2.296,0.436,0.83
113,Image_14456-1.jpg (red)-1,10.028,255,12.046,0.868,4.498,236,148,33.69,3.326,1.344,0.744,0.866
114,Image_14456-1.jpg (red)-1,21.957,255,18.556,0.801,7.403,337,140,141.843,4.798,1.571,0.636,0.898
115,Image_14456-1.jpg (red)-1,32.676,255,23.017,0.775,7.889,400,160,71.565,6.468,1.123,0.891,0.889
116,Image_14456-1.jpg (red)-1,17.462,255,16.263,0.83,6.181,570,143,109.654,4.704,1.313,0.762,0.867
117,Image_14456-1.jpg (red)-1,32.676,255,21.395,0.897,7.734,103,146,143.746,5.821,1.195,0.837,0.931
118,Image_14456-1.jpg (red)-1,26.279,255,24.335,0.558,7.403,689,158,51.843,5.998,1.244,0.804,0.809
119,Image_14456-1.jpg (red)-1,38.036,255,25.47,0.737,8.419,216,153,159.775,6.902,1.137,0.879,0.868
120,Image_14456-1.jpg (red)-1,48.582,255,29.871,0.684,9.996,203,169,73.072,7.642,1.195,0.837,0.854
121,Image_14456-1.jpg (red)-1,130.531,255,45.529,0.791,15.652,48,168,16.991,11.227,1.444,0.692,0.92
122,Image_14456-1.jpg (red)-1,20.747,255,18.069,0.799,6.495,248,152,129.806,4.942,1.264,0.791,0.879
123,Image_14456-1.jpg (red)-1,109.093,255,44.798,0.683,16.386,628,182,54.293,10.519,1.381,0.724,0.9
124,Image_14456-1.jpg (red)-1,12.621,255,12.978,0.942,4.741,141,156,15.255,3.742,1.181,0.847,0.907
125,Image_14456-1.jpg (red)-1,50.138,255,34.231,0.538,13.728,470,153,125.134,5.95,3.106,0.322,0.809
126,Image_14456-1.jpg (red)-1,17.116,255,16.406,0.799,6.574,494,151,108.435,3.742,1.784,0.56,0.896
127,Image_14456-1.jpg (red)-1,50.657,255,28.351,0.792,10.125,545,160,160.821,7.362,1.309,0.764,0.899
128,Image_14456-1.jpg (red)-1,77.627,255,37.717,0.686,13.977,693,183,59.621,7.399,1.974,0.507,0.865
129,Image_14456-1.jpg (red)-1,55.497,255,29.182,0.819,11.009,174,156,100.886,7.069,1.636,0.611,0.925
130,Image_14456-1.jpg (red)-1,21.784,255,18.069,0.838,6.347,99,160,148.392,5.209,1.174,0.852,0.863
131,Image_14456-1.jpg (red)-1,10.546,255,13.222,0.758,5.547,240,157,102.995,2.911,1.917,0.522,0.865
132,Image_14456-1.jpg (red)-1,21.957,255,18.027,0.849,6.292,527,164,172.405,4.959,1.149,0.87,0.87
133,Image_14456-1.jpg (red)-1,30.774,255,20.665,0.906,7.768,665,163,164.476,5.405,1.465,0.683,0.927
134,Image_14456-1.jpg (red)-1,23.859,255,24.092,0.517,9.572,261,160,124.38,4.628,2.621,0.381,0.708
135,Image_14456-1.jpg (red)-1,50.484,255,28.939,0.758,10.328,146,178,40.101,6.366,1.675,0.597,0.894
136,Image_14456-1.jpg (red)-1,65.006,255,32.408,0.778,10.914,286,178,40.365,8.732,1.148,0.871,0.898
137,Image_14456-1.jpg (red)-1,147.993,255,49.217,0.768,15.657,364,198,79.287,13.615,1.051,0.951,0.91
138,Image_14456-1.jpg (red)-1,97.51,255,41.858,0.699,14.505,410,161,117.3,9.563,1.476,0.678,0.896
139,Image_14456-1.jpg (red)-1,86.445,255,37.011,0.793,14.888,431,164,125.91,9.064,1.626,0.615,0.929
140,Image_14456-1.jpg (red)-1,87.828,255,39.12,0.721,14.235,308,174,173.29,8.216,1.724,0.58,0.906
141,Image_14456-1.jpg (red)-1,43.049,255,26.159,0.791,8.82,453,175,171.87,7.35,1.03,0.971,0.869
142,Image_14456-1.jpg (red)-1,58.437,255,32.526,0.694,11.768,501,191,57.995,7.22,1.836,0.545,0.849
143,Image_14456-1.jpg (red)-1,173.754,255,59.012,0.627,21.405,541,184,172.185,12.888,1.68,0.595,0.85
144,Image_14456-1.jpg (red)-1,49.619,255,28.981,0.742,9.698,82,183,30.964,6.653,1.413,0.708,0.893
145,Image_14456-1.jpg (red)-1,20.401,255,17.683,0.82,6.574,206,171,145.305,4.704,1.314,0.761,0.868
146,Image_14456-1.jpg (red)-1,19.191,255,19.102,0.661,7.667,134,172,130.601,3.528,2.459,0.407,0.828
147,Image_14456-1.jpg (red)-1,29.91,255,25.125,0.595,7.845,669,173,122.005,5.764,1.233,0.811,0.846
148,Image_14456-1.jpg (red)-1,19.709,255,16.548,0.904,5.997,249,174,123.69,4.567,1.244,0.804,0.912
149,Image_14456-1.jpg (red)-1,16.943,255,15.717,0.862,5.91,379,175,140.711,4.574,1.228,0.814,0.895
150,Image_14456-1.jpg (red)-1,20.228,255,17.481,0.832,6.347,220,178,148.392,4.556,1.307,0.765,0.89
151,Image_14456-1.jpg (red)-1,69.156,255,33.139,0.791,11.972,106,204,69.677,7.9,1.495,0.669,0.921
152,Image_14456-1.jpg (red)-1,64.315,255,32.651,0.758,12.087,601,178,153.435,7.9,1.583,0.632,0.922
153,Image_14456-1.jpg (red)-1,29.737,255,23.647,0.668,9.698,784,177,120.964,4.675,2.114,0.473,0.869
154,Image_14456-1.jpg (red)-1,16.597,255,16.204,0.794,6.181,202,180,109.654,3.61,1.86,0.538,0.893
155,Image_14456-1.jpg (red)-1,24.204,255,20.077,0.755,7.438,182,181,116.565,5.405,1.205,0.83,0.892
156,Image_14456-1.jpg (red)-1,155.082,255,54.509,0.656,20.028,463,219,48.366,10.287,2.106,0.475,0.907
157,Image_14456-1.jpg (red)-1,170.987,255,55.786,0.69,19.199,144,199,162.35,14.613,1.251,0.799,0.887
158,Image_14456-1.jpg (red)-1,68.81,255,36.322,0.655,14.027,628,192,11.976,6.979,2.252,0.444,0.902
159,Image_14456-1.jpg (red)-1,20.747,255,17.036,0.898,6.508,724,183,116.565,4.158,1.494,0.669,0.941
160,Image_14456-1.jpg (red)-1,18.326,255,16.994,0.797,5.953,276,190,155.225,4.922,1.105,0.905,0.862
161,Image_14456-1.jpg (red)-1,48.755,255,32.711,0.573,12.123,511,191,149.036,7.549,1.83,0.546,0.772
162,Image_14456-1.jpg (red)-1,17.462,255,17.136,0.747,5.997,258,186,123.69,4.574,1.187,0.842,0.842
163,Image_14456-1.jpg (red)-1,26.279,255,20.564,0.781,7.403,233,187,128.157,5.499,1.291,0.775,0.879
164,Image_14456-1.jpg (red)-1,52.904,255,27.317,0.891,10.328,733,188,139.899,7.644,1.285,0.778,0.944
165,Image_14456-1.jpg (red)-1,11.238,255,12.634,0.885,4.704,428,188,135,3.742,1.17,0.855,0.878
166,Image_14456-1.jpg (red)-1,19.882,255,16.994,0.865,6.347,129,190,121.608,4.778,1.336,0.748,0.909
167,Image_14456-1.jpg (red)-1,277.66,255,64.993,0.826,21.38,747,223,13.496,16.763,1.255,0.797,0.942
168,Image_14456-1.jpg (red)-1,35.615,255,23.605,0.803,8.419,307,203,20.225,6.409,1.409,0.71,0.882
169,Image_14456-1.jpg (red)-1,33.022,255,21.597,0.89,7.889,341,194,161.565,6.237,1.272,0.786,0.918
170,Image_14456-1.jpg (red)-1,29.218,255,22.571,0.721,8.232,397,191,135,4.71,1.769,0.565,0.871
171,Image_14456-1.jpg (red)-1,56.189,255,35.021,0.576,10.658,503,192,110.556,7.938,1.274,0.785,0.854
172,Image_14456-1.jpg (red)-1,10.2,255,12.147,0.869,4.649,592,203,79.695,3.326,1.233,0.811,0.868
173,Image_14456-1.jpg (red)-1,74.861,255,34.903,0.772,13.149,12,200,161.565,7.9,1.753,0.57,0.928
174,Image_14456-1.jpg (red)-1,39.937,255,26.729,0.702,10.286,76,196,165.964,5.647,2.017,0.496,0.872
175,Image_14456-1.jpg (red)-1,32.503,255,22.37,0.816,8.316,703,196,143.13,5.821,1.213,0.824,0.919
176,Image_14456-1.jpg (red)-1,10.028,255,12.147,0.854,4.478,275,206,68.199,3.691,1.152,0.868,0.866
177,Image_14456-1.jpg (red)-1,11.756,255,14.297,0.723,5.292,570,197,135,4.076,1.413,0.707,0.829
178,Image_14456-1.jpg (red)-1,35.269,255,23.302,0.816,8.073,43,197,145.491,6.653,1.037,0.964,0.907
179,Image_14456-1.jpg (red)-1,51.175,255,29.569,0.736,10.65,286,214,38.66,7.484,1.249,0.8,0.901
180,Image_14456-1.jpg (red)-1,28.008,255,20.807,0.813,7.633,690,199,150.642,5.785,1.27,0.787,0.898
181,Image_14456-1.jpg (red)-1,29.91,255,24.092,0.648,8.572,252,200,165.964,5.405,1.634,0.612,0.85
182,Image_14456-1.jpg (red)-1,79.529,255,38.163,0.686,15.266,410,222,29.358,6.923,2.428,0.412,0.901
183,Image_14456-1.jpg (red)-1,31.293,255,24.294,0.666,9.698,601,200,149.036,5.249,1.964,0.509,0.836
184,Image_14456-1.jpg (red)-1,21.092,255,16.851,0.933,5.953,377,208,12.095,4.998,1.093,0.915,0.91
185,Image_14456-1.jpg (red)-1,37.517,255,24.092,0.812,8.928,241,220,62.241,6.762,1.214,0.824,0.895
186,Image_14456-1.jpg (red)-1,31.985,255,21.841,0.843,8.201,646,214,30.466,5.821,1.408,0.71,0.898
187,Image_14456-1.jpg (red)-1,28.7,255,27.763,0.468,10.914,580,202,139.635,5.259,2.855,0.35,0.741
188,Image_14456-1.jpg (red)-1,24.896,255,20.077,0.776,7.496,213,203,123.69,4.778,1.555,0.643,0.873
189,Image_14456-1.jpg (red)-1,33.022,255,21.211,0.922,7.667,193,223,77.471,5.88,1.259,0.794,0.918
190,Image_14456-1.jpg (red)-1,127.074,255,45.285,0.779,15.915,323,210,146.725,12.023,1.11,0.901,0.932
191,Image_14456-1.jpg (red)-1,45.47,255,25.654,0.868,9.157,622,223,50.528,6.631,1.362,0.734,0.924
192,Image_14456-1.jpg (red)-1,77.627,255,35.39,0.779,12.694,58,210,148.392,9.097,1.246,0.803,0.908
193,Image_14456-1.jpg (red)-1,20.401,255,18.413,0.756,7.262,368,224,76.759,4.574,1.587,0.63,0.871
194,Image_14456-1.jpg (red)-1,27.662,255,21.395,0.759,7.667,117,221,40.601,4.559,1.741,0.574,0.889
195,Image_14456-1.jpg (red)-1,26.971,255,19.833,0.862,7.069,728,208,118.072,5.586,1.284,0.779,0.884
196,Image_14456-1.jpg (red)-1,17.289,255,20.765,0.504,7.633,308,210,119.358,4.703,1.748,0.572,0.712
197,Image_14456-1.jpg (red)-1,78.492,255,36.583,0.737,12.667,692,219,156.801,9.935,1.251,0.8,0.878
198,Image_14456-1.jpg (red)-1,12.621,255,13.667,0.849,5.259,15,223,71.565,3.528,1.375,0.727,0.88
199,Image_14456-1.jpg (red)-1,35.788,255,23.26,0.831,7.998,481,229,62.103,6.388,1.185,0.844,0.9
200,Image_14456-1.jpg (red)-1,35.961,255,24.781,0.736,9.698,539,213,149.036,5.714,1.856,0.539,0.868
201,Image_14456-1.jpg (red)-1,12.102,255,12.978,0.903,5.21,36,221,28.61,3.533,1.52,0.658,0.886
202,Image_14456-1.jpg (red)-1,40.975,255,25.672,0.781,9.491,252,231,28.811,5.88,1.688,0.592,0.875
203,Image_14456-1.jpg (red)-1,62.24,255,36.281,0.594,11.048,569,225,19.799,7.725,1.373,0.728,0.899
204,Image_14456-1.jpg (red)-1,39.937,255,25.999,0.742,9.918,391,214,123.024,7.031,1.302,0.768,0.865
205,Image_14456-1.jpg (red)-1,11.929,255,13.222,0.857,5.024,527,225,65.556,3.742,1.309,0.764,0.879
206,Image_14456-1.jpg (red)-1,24.204,255,19.489,0.801,7.438,640,217,153.435,5.393,1.373,0.728,0.886
207,Image_14456-1.jpg (red)-1,24.723,255,19.489,0.818,6.92,208,221,147.265,5.023,1.293,0.773,0.885
208,Image_14456-1.jpg (red)-1,79.702,255,34.433,0.845,12.229,659,226,144.689,8.526,1.436,0.696,0.919
209,Image_14456-1.jpg (red)-1,12.794,255,13.222,0.92,4.649,134,221,116.565,3.945,1.163,0.86,0.897
210,Image_14456-1.jpg (red)-1,64.142,255,34.029,0.696,11.196,228,241,31.329,8.161,1.327,0.754,0.861
211,Image_14456-1.jpg (red)-1,15.041,255,16.019,0.737,6.139,560,221,118.301,3.806,1.666,0.6,0.845
212,Image_14456-1.jpg (red)-1,111.341,255,42.303,0.782,15.586,721,230,170.789,10.064,1.401,0.714,0.925
213,Image_14456-1.jpg (red)-1,13.312,255,15.96,0.657,6.237,375,224,143.13,3.106,2.081,0.481,0.828
214,Image_14456-1.jpg (red)-1,37.344,255,25.755,0.707,8.811,362,245,70.71,6.18,1.287,0.777,0.871
215,Image_14456-1.jpg (red)-1,11.929,255,14.642,0.699,5.91,494,226,129.289,3.161,1.936,0.516,0.836
216,Image_14456-1.jpg (red)-1,117.392,255,45.832,0.702,15.289,626,248,22.38,12.027,1.03,0.971,0.875
217,Image_14456-1.jpg (red)-1,27.144,255,19.732,0.876,7.262,98,226,103.241,4.99,1.41,0.709,0.913
218,Image_14456-1.jpg (red)-1,59.993,255,31.232,0.773,11.072,110,228,145.713,7.484,1.397,0.716,0.902
219,Image_14456-1.jpg (red)-1,11.756,255,13.121,0.858,5.325,276,234,38.66,3.419,1.552,0.644,0.919
220,Image_14456-1.jpg (red)-1,34.405,255,23.403,0.789,8.652,312,226,125.218,6.136,1.295,0.772,0.909
221,Image_14456-1.jpg (red)-1,60.511,255,31.333,0.775,10.787,188,252,62.447,7.821,1.364,0.733,0.894
222,Image_14456-1.jpg (red)-1,17.635,255,15.818,0.886,6.237,548,230,143.13,4.116,1.593,0.628,0.895
223,Image_14456-1.jpg (red)-1,52.904,255,27.965,0.85,9.883,284,245,22.249,7.131,1.396,0.716,0.929
224,Image_14456-1.jpg (red)-1,41.321,255,24.882,0.839,8.481,450,250,78.69,6.745,1.175,0.851,0.9
225,Image_14456-1.jpg (red)-1,134.508,255,49.906,0.679,18.371,493,243,5.194,10.971,1.748,0.572,0.886
226,Image_14456-1.jpg (red)-1,48.582,255,29.081,0.722,10.938,67,240,8.746,6.134,1.871,0.534,0.881
227,Image_14456-1.jpg (red)-1,15.56,255,16.649,0.705,6.181,694,244,42.274,4.236,1.542,0.649,0.789
228,Image_14456-1.jpg (red)-1,35.269,255,22.773,0.855,7.889,416,240,161.565,6.694,1.066,0.938,0.905
229,Image_14456-1.jpg (red)-1,12.275,255,13.466,0.851,5.21,401,243,28.61,3.588,1.303,0.768,0.871
230,Image_14456-1.jpg (red)-1,21.611,255,17.683,0.869,6.574,480,249,55.305,4.675,1.397,0.716,0.887
231,Image_14456-1.jpg (red)-1,38.727,255,23.403,0.889,8.419,581,238,147.095,6.653,1.166,0.858,0.929
232,Image_14456-1.jpg (red)-1,70.366,255,38.003,0.612,13.286,148,266,69.864,6.84,2.017,0.496,0.895
233,Image_14456-1.jpg (red)-1,20.92,255,17.136,0.895,6.455,51,252,75.069,4.158,1.427,0.701,0.924
234,Image_14456-1.jpg (red)-1,26.971,255,20.522,0.805,7.117,277,239,96.71,6.116,1.127,0.887,0.881
235,Image_14456-1.jpg (red)-1,17.635,255,16.061,0.859,5.997,604,248,33.69,4.247,1.4,0.714,0.895
236,Image_14456-1.jpg (red)-1,69.847,255,35.348,0.702,12.667,172,268,66.801,7.484,1.746,0.573,0.886
237,Image_14456-1.jpg (red)-1,11.584,255,12.978,0.864,5.259,665,240,108.435,3.326,1.581,0.633,0.893
238,Image_14456-1.jpg (red)-1,12.794,255,13.121,0.934,5.075,245,241,124.992,3.742,1.143,0.875,0.919
239,Image_14456-1.jpg (red)-1,123.097,255,50.821,0.599,16.237,523,253,166.675,10.256,1.508,0.663,0.9
240,Image_14456-1.jpg (red)-1,39.073,255,25.755,0.74,9.081,338,248,164.055,5.968,1.332,0.751,0.886
241,Image_14456-1.jpg (red)-1,30.083,255,21.294,0.834,8.03,21,255,21.251,4.99,1.469,0.681,0.921
242,Image_14456-1.jpg (red)-1,96.818,255,38.128,0.837,13.409,208,274,60.255,9.148,1.316,0.76,0.952
243,Image_14456-1.jpg (red)-1,17.462,255,16.061,0.851,5.997,232,246,123.69,4.076,1.471,0.68,0.902
244,Image_14456-1.jpg (red)-1,16.424,255,16.061,0.8,6.574,323,246,124.695,4.116,1.549,0.645,0.905
245,Image_14456-1.jpg (red)-1,70.366,255,35.205,0.713,13.639,389,247,127.569,8.131,1.751,0.571,0.89
246,Image_14456-1.jpg (red)-1,24.032,255,19.245,0.815,7.368,401,254,16.39,4.922,1.502,0.666,0.871
247,Image_14456-1.jpg (red)-1,62.413,255,34.861,0.645,12.91,568,246,104.931,7.228,2.019,0.495,0.845
248,Image_14456-1.jpg (red)-1,57.745,255,34.92,0.595,13.847,702,246,131.348,6.061,2.58,0.388,0.829
249,Image_14456-1.jpg (red)-1,13.485,255,13.566,0.921,5.024,376,250,155.556,4.158,1.281,0.78,0.886
250,Image_14456-1.jpg (red)-1,69.501,255,35.164,0.706,12.236,92,250,99.782,7.835,1.661,0.602,0.876
251,Image_14456-1.jpg (red)-1,38.727,255,26.931,0.671,9.883,726,261,14.621,6.237,1.818,0.55,0.819
252,Image_14456-1.jpg (red)-1,125.345,255,46.907,0.716,15.652,25,265,163.009,11.144,1.277,0.783,0.915
253,Image_14456-1.jpg (red)-1,22.648,255,17.867,0.892,6.705,115,254,150.255,4.574,1.391,0.719,0.939
254,Image_14456-1.jpg (red)-1,16.252,255,15.818,0.816,5.655,63,254,126.027,4.284,1.391,0.719,0.874
255,Image_14456-1.jpg (red)-1,13.831,255,14.154,0.868,5.058,265,259,9.462,4.158,1.134,0.882,0.86
256,Image_14456-1.jpg (red)-1,75.38,255,36.524,0.71,12.342,604,279,57.381,9.445,1.349,0.741,0.86
257,Image_14456-1.jpg (red)-1,14.696,255,14.541,0.873,5.421,130,256,122.471,3.742,1.311,0.763,0.904
258,Image_14456-1.jpg (red)-1,65.525,255,36.399,0.622,14.162,666,258,130.236,6.433,2.423,0.413,0.844
259,Image_14456-1.jpg (red)-1,60.857,255,31.963,0.749,11.157,425,259,116.565,7.484,1.562,0.64,0.897
260,Image_14456-1.jpg (red)-1,10.028,255,11.559,0.943,4.158,288,260,126.87,3.682,1.122,0.892,0.879
261,Image_14456-1.jpg (red)-1,32.849,255,23.747,0.732,9.232,451,273,35.838,5.764,1.619,0.618,0.898
262,Image_14456-1.jpg (red)-1,12.794,255,13.466,0.887,5.405,193,260,112.62,3.326,1.537,0.651,0.902
263,Image_14456-1.jpg (red)-1,34.059,255,21.639,0.914,7.734,243,274,36.254,6.237,1.102,0.908,0.938
264,Image_14456-1.jpg (red)-1,24.377,255,19.69,0.79,6.858,315,266,165.964,5.535,1.21,0.826,0.852
265,Image_14456-1.jpg (red)-1,23.686,255,20.077,0.738,7.588,628,267,9.462,4.182,1.871,0.535,0.875
266,Image_14456-1.jpg (red)-1,13.658,255,14.154,0.857,5.259,76,266,161.565,4.158,1.226,0.815,0.873
267,Image_14456-1.jpg (red)-1,91.113,255,42.505,0.634,16.147,743,270,145.491,8.569,2.172,0.46,0.828
268,Image_14456-1.jpg (red)-1,54.287,255,30.602,0.728,10.286,337,266,104.036,8.233,1.375,0.728,0.865
269,Image_14456-1.jpg (red)-1,45.643,255,26.1,0.842,9.129,347,281,30.069,7.177,1.197,0.836,0.917
270,Image_14456-1.jpg (red)-1,51.867,255,32.912,0.602,12.342,585,269,147.381,6.797,1.828,0.547,0.815
271,Image_14456-1.jpg (red)-1,82.641,255,38.876,0.687,14.806,520,270,128.157,7.32,2.138,0.468,0.898
272,Image_14456-1.jpg (red)-1,50.829,255,31.089,0.661,11.417,146,284,33.111,6.099,1.974,0.507,0.871
273,Image_14456-1.jpg (red)-1,86.618,255,39.322,0.704,14.162,490,295,49.764,9.295,1.693,0.591,0.862
274,Image_14456-1.jpg (red)-1,66.044,255,38.977,0.546,16.05,104,287,16.557,5.373,3.249,0.308,0.89
275,Image_14456-1.jpg (red)-1,68.291,255,36.886,0.631,15.34,225,274,147.171,6.197,2.79,0.358,0.862
276,Image_14456-1.jpg (red)-1,18.153,255,16.263,0.863,6.333,175,280,23.199,4.35,1.487,0.673,0.882
277,Image_14456-1.jpg (red)-1,84.543,255,41.27,0.624,15.674,264,273,158.199,7.383,2.394,0.418,0.879
278,Image_14456-1.jpg (red)-1,12.102,255,13.466,0.839,5.579,461,279,26.565,3.156,1.928,0.519,0.881
279,Image_14456-1.jpg (red)-1,17.116,255,16.507,0.789,5.469,316,273,98.746,4.912,1.156,0.865,0.839
280,Image_14456-1.jpg (red)-1,53.077,255,31.19,0.686,10.269,706,275,148.241,8.253,1.209,0.827,0.865
281,Image_14456-1.jpg (red)-1,115.317,255,44.269,0.739,14.523,379,297,13.241,11.216,1.292,0.774,0.897
282,Image_14456-1.jpg (red)-1,11.065,255,12.634,0.871,5.325,203,285,51.34,3.234,1.568,0.638,0.901
283,Image_14456-1.jpg (red)-1,37.517,255,23.118,0.882,8.073,363,286,11.889,6.694,1.147,0.872,0.902
284,Image_14456-1.jpg (red)-1,43.568,255,25.411,0.848,8.898,565,280,142.595,6.837,1.183,0.845,0.915
285,Image_14456-1.jpg (red)-1,30.429,255,21.454,0.831,8.409,636,276,98.531,5.764,1.412,0.708,0.896
286,Image_14456-1.jpg (red)-1,30.429,255,24.579,0.633,8.889,662,276,100.784,5.779,1.72,0.581,0.796
287,Image_14456-1.jpg (red)-1,27.317,255,22.042,0.707,7.812,689,289,25.201,5.207,1.528,0.655,0.829
288,Image_14456-1.jpg (red)-1,16.943,255,17.481,0.697,7.081,545,289,40.236,4.091,1.609,0.621,0.856
289,Image_14456-1.jpg (red)-1,15.387,255,16.994,0.67,5.953,469,279,167.905,4.087,1.392,0.719,0.809
290,Image_14456-1.jpg (red)-1,10.028,255,12.39,0.821,4.649,169,290,63.435,3.347,1.456,0.687,0.847
291,Image_14456-1.jpg (red)-1,47.545,255,26.545,0.848,8.957,611,283,158.199,7.626,1.086,0.921,0.903
292,Image_14456-1.jpg (red)-1,40.283,255,27.561,0.666,10.795,461,306,74.358,5.405,2.171,0.461,0.878
293,Image_14456-1.jpg (red)-1,65.871,255,34.617,0.691,12.896,33,313,69.228,8.681,1.495,0.669,0.865
294,Image_14456-1.jpg (red)-1,20.92,255,18.212,0.793,6.82,138,284,127.569,4.512,1.337,0.748,0.89
295,Image_14456-1.jpg (red)-1,46.853,255,26.83,0.818,10.269,432,284,111.371,6.498,1.578,0.634,0.923
296,Image_14456-1.jpg (red)-1,15.387,255,16.162,0.74,5.421,93,285,122.471,4.574,1.198,0.835,0.848
297,Image_14456-1.jpg (red)-1,31.12,255,22.084,0.802,7.889,300,289,161.565,5.545,1.416,0.706,0.882
298,Image_14456-1.jpg (red)-1,10.546,255,13.121,0.77,5.405,513,285,112.62,2.785,2.087,0.479,0.871
299,Image_14456-1.jpg (red)-1,19.018,255,16.994,0.828,6.92,730,287,147.265,4.41,1.618,0.618,0.891
300,Image_14456-1.jpg (red)-1,64.833,255,32.77,0.759,12.087,257,292,153.435,7.938,1.49,0.671,0.903
301,Image_14456-1.jpg (red)-1,26.106,255,19.976,0.822,7.081,195,290,130.236,5.108,1.328,0.753,0.91
302,Image_14456-1.jpg (red)-1,16.77,255,15.818,0.842,5.91,325,300,50.711,4.41,1.289,0.776,0.915
303,Image_14456-1.jpg (red)-1,17.116,255,16.406,0.799,6.054,697,289,105.945,4.247,1.513,0.661,0.85
304,Image_14456-1.jpg (red)-1,101.486,255,43.135,0.685,15.255,157,325,72.553,9.742,1.491,0.671,0.868
305,Image_14456-1.jpg (red)-1,25.588,255,21.11,0.722,7.438,218,295,153.435,5.063,1.423,0.703,0.846
306,Image_14456-1.jpg (red)-1,84.716,255,40.498,0.649,14.07,590,319,55.84,8.937,1.424,0.702,0.843
307,Image_14456-1.jpg (red)-1,10.2,255,11.701,0.936,4.649,707,294,153.435,2.911,1.453,0.688,0.937
308,Image_14456-1.jpg (red)-1,23.34,255,20.32,0.71,7.987,773,307,38.66,4.769,1.905,0.525,0.874
309,Image_14456-1.jpg (red)-1,56.016,255,29.141,0.829,10.057,359,311,29.745,8.182,1.255,0.797,0.91
310,Image_14456-1.jpg (red)-1,13.831,255,14.398,0.838,5.075,336,299,145.008,4.41,1.08,0.926,0.879
311,Image_14456-1.jpg (red)-1,35.961,255,23.017,0.853,8.82,405,304,8.13,5.821,1.485,0.673,0.912
312,Image_14456-1.jpg (red)-1,12.621,255,14.297,0.776,5.007,759,304,48.366,3.945,1.15,0.87,0.859
313,Image_14456-1.jpg (red)-1,24.723,255,19.245,0.839,7.262,48,313,66.371,5.405,1.272,0.786,0.905
314,Image_14456-1.jpg (red)-1,75.207,255,34.617,0.789,12.123,490,303,157.834,9.052,1.236,0.809,0.899
315,Image_14456-1.jpg (red)-1,14.35,255,14.743,0.83,5.91,63,300,140.711,3.507,1.78,0.562,0.874
316,Image_14456-1.jpg (red)-1,29.391,255,21.841,0.774,7.644,11,313,45,5.868,1.243,0.805,0.881
317,Image_14456-1.jpg (red)-1,19.882,255,18.312,0.745,7.667,95,313,40.601,3.993,2.027,0.493,0.895
318,Image_14456-1.jpg (red)-1,75.034,255,37.944,0.655,13.537,110,303,169.38,8.087,1.844,0.542,0.901
319,Image_14456-1.jpg (red)-1,19.536,255,17.237,0.826,6.574,179,301,145.305,4.208,1.696,0.59,0.89
320,Image_14456-1.jpg (red)-1,12.448,255,13.566,0.85,4.849,626,303,149.036,4.101,1.177,0.849,0.852
321,Image_14456-1.jpg (red)-1,49.792,255,27.561,0.824,10.269,198,305,148.241,7.447,1.297,0.771,0.916
322,Image_14456-1.jpg (red)-1,37.344,255,23.546,0.846,8.572,287,306,140.906,6.539,1.165,0.858,0.925
323,Image_14456-1.jpg (red)-1,11.756,255,13.566,0.803,5.075,426,304,124.992,4.036,1.277,0.783,0.877
324,Image_14456-1.jpg (red)-1,38.381,255,25.226,0.758,9.081,466,314,15.945,6.468,1.545,0.647,0.844
325,Image_14456-1.jpg (red)-1,228.214,255,59.423,0.812,20.459,737,304,127.569,15.717,1.147,0.872,0.945
326,Image_14456-1.jpg (red)-1,133.125,255,46.562,0.772,15.524,568,305,110.376,12.243,1.164,0.859,0.904
327,Image_14456-1.jpg (red)-1,28.873,255,20.564,0.858,7.644,700,305,112.38,4.974,1.544,0.648,0.905
328,Image_14456-1.jpg (red)-1,11.411,255,12.39,0.934,4.649,666,306,116.565,3.742,1.174,0.851,0.898
329,Image_14456-1.jpg (red)-1,53.596,255,30.157,0.741,10.883,677,306,136.548,6.524,1.66,0.602,0.895
330,Image_14456-1.jpg (red)-1,22.821,255,18.271,0.859,6.574,339,311,161.565,4.998,1.239,0.807,0.866
331,Image_14456-1.jpg (red)-1,34.751,255,23.848,0.768,8.742,387,310,154.654,6.415,1.304,0.767,0.878
332,Image_14456-1.jpg (red)-1,28.008,255,21.983,0.728,7.667,444,320,40.601,5.393,1.554,0.643,0.895
333,Image_14456-1.jpg (red)-1,48.582,255,28.493,0.752,10.601,314,310,154.44,6.653,1.515,0.66,0.906
334,Image_14456-1.jpg (red)-1,66.735,255,35.936,0.649,11.914,533,311,150.751,9.679,1.236,0.809,0.837
335,Image_14456-1.jpg (red)-1,15.214,255,16.507,0.702,7.069,622,312,151.928,3.161,2.373,0.421,0.85
336,Image_14456-1.jpg (red)-1,63.623,255,33.887,0.696,11.157,355,314,153.435,8.672,1.323,0.756,0.858
337,Image_14456-1.jpg (red)-1,27.662,255,23.059,0.654,8.889,518,313,100.784,4.158,2.087,0.479,0.872
338,Image_14456-1.jpg (red)-1,89.038,255,44.798,0.558,12.937,18,318,135,10.578,1.091,0.917,0.885
339,Image_14456-1.jpg (red)-1,24.723,255,19.732,0.798,7.262,48,314,103.241,4.835,1.568,0.638,0.891
340,Image_14456-1.jpg (red)-1,13.831,255,14.743,0.8,5.325,96,314,128.66,4.075,1.454,0.688,0.842
341,Image_14456-1.jpg (red)-1,71.749,255,36.441,0.679,11.761,179,342,81.87,8.462,1.26,0.794,0.901
342,Image_14456-1.jpg (red)-1,52.731,255,30.198,0.727,10.65,231,317,128.66,6.481,1.621,0.617,0.901
343,Image_14456-1.jpg (red)-1,13.485,255,13.222,0.969,4.849,71,324,30.964,4.076,1.166,0.858,0.907
344,Image_14456-1.jpg (red)-1,12.621,255,14.499,0.754,5.143,662,328,75.964,3.742,1.283,0.779,0.849
345,Image_14456-1.jpg (red)-1,52.04,255,28.535,0.803,11.048,251,320,160.201,5.405,1.939,0.516,0.971
346,Image_14456-1.jpg (red)-1,43.914,255,27.377,0.736,10.125,608,319,109.179,5.435,1.911,0.523,0.893
347,Image_14456-1.jpg (red)-1,73.651,255,34.819,0.763,12.123,112,339,30.964,8.967,1.274,0.785,0.885
348,Image_14456-1.jpg (red)-1,83.506,255,37.053,0.764,13.208,675,321,118.179,8.854,1.367,0.731,0.916
349,Image_14456-1.jpg (red)-1,38.381,255,23.504,0.873,8.201,209,326,149.534,6.18,1.292,0.774,0.933
350,Image_14456-1.jpg (red)-1,36.998,255,25.898,0.693,9.996,411,326,135,5.518,2.013,0.497,0.851
351,Image_14456-1.jpg (red)-1,13.14,255,14.743,0.76,5.421,327,336,57.529,3.876,1.553,0.644,0.835
352,Image_14456-1.jpg (red)-1,57.572,255,30.216,0.792,10.527,86,352,80.91,7.375,1.318,0.759,0.911
353,Image_14456-1.jpg (red)-1,112.724,255,43.135,0.761,16.05,494,331,143.427,10.678,1.52,0.658,0.909
354,Image_14456-1.jpg (red)-1,23.513,255,18.8,0.836,7.403,428,341,38.157,4.964,1.543,0.648,0.898
355,Image_14456-1.jpg (red)-1,98.547,255,44.109,0.636,15.674,454,348,21.801,9.563,1.609,0.622,0.868
356,Image_14456-1.jpg (red)-1,59.647,255,30.299,0.816,10.625,343,352,59.421,7.484,1.359,0.736,0.931
357,Image_14456-1.jpg (red)-1,61.203,255,31.333,0.783,12.144,695,331,141.953,8.232,1.475,0.678,0.909
358,Image_14456-1.jpg (red)-1,54.287,255,28.939,0.815,10.227,387,347,26.565,8.262,1.209,0.827,0.897
359,Image_14456-1.jpg (red)-1,10.546,255,12.046,0.913,4.478,142,342,68.199,3.326,1.174,0.851,0.924
360,Image_14456-1.jpg (red)-1,46.507,255,28.553,0.717,9.298,150,339,153.435,8.204,1.068,0.936,0.858
361,Image_14456-1.jpg (red)-1,54.287,255,27.822,0.881,9.381,373,332,102.804,8.232,1.077,0.928,0.925
362,Image_14456-1.jpg (red)-1,28.7,255,22.185,0.733,8.073,259,333,101.889,6.204,1.395,0.717,0.834
363,Image_14456-1.jpg (red)-1,23.167,255,18.312,0.868,6.82,303,334,142.431,5.391,1.278,0.783,0.905
364,Image_14456-1.jpg (red)-1,12.794,255,13.222,0.92,5.594,55,334,131.987,3.528,1.606,0.623,0.914
365,Image_14456-1.jpg (red)-1,53.941,255,28.695,0.823,9.918,779,335,123.024,7.798,1.237,0.808,0.911
366,Image_14456-1.jpg (red)-1,20.747,255,18.556,0.757,7.368,271,343,16.39,3.93,2.025,0.494,0.886
367,Image_14456-1.jpg (red)-1,26.798,255,20.665,0.789,7.403,192,350,38.157,5.019,1.382,0.724,0.878
368,Image_14456-1.jpg (red)-1,28.7,255,21.152,0.806,7.944,206,341,132.879,5.764,1.319,0.758,0.897
369,Image_14456-1.jpg (red)-1,22.821,255,19.001,0.794,6.769,432,353,42.51,5.128,1.321,0.757,0.886
370,Image_14456-1.jpg (red)-1,48.928,255,27.276,0.826,10.065,592,342,141.71,6.574,1.558,0.642,0.925
371,Image_14456-1.jpg (red)-1,100.449,255,39.506,0.809,14.162,534,343,130.236,9.862,1.284,0.779,0.937
372,Image_14456-1.jpg (red)-1,73.824,255,34.273,0.79,12.349,19,349,135,7.933,1.488,0.672,0.924
373,Image_14456-1.jpg (red)-1,88.346,255,35.936,0.86,12.404,618,370,50.44,10.395,1.14,0.877,0.924
374,Image_14456-1.jpg (red)-1,23.859,255,18.859,0.843,7.105,403,348,159.444,4.998,1.446,0.691,0.882
375,Image_14456-1.jpg (red)-1,27.317,255,20.522,0.815,7.889,48,351,161.565,5.207,1.553,0.644,0.908
376,Image_14456-1.jpg (red)-1,38.727,255,25.654,0.739,9.298,656,346,116.565,5.821,1.494,0.669,0.896
377,Image_14456-1.jpg (red)-1,36.998,255,23.445,0.846,8.84,236,347,131.186,6.237,1.193,0.838,0.953
378,Image_14456-1.jpg (red)-1,26.798,255,21.253,0.746,7.105,273,363,69.444,5.785,1.106,0.904,0.849
379,Image_14456-1.jpg (red)-1,43.049,255,25.411,0.838,9.482,561,348,127.875,6.81,1.407,0.711,0.904
380,Image_14456-1.jpg (red)-1,27.317,255,21.597,0.736,8.169,305,357,14.744,4.602,1.928,0.519,0.859
381,Image_14456-1.jpg (red)-1,40.11,255,23.89,0.883,8.316,127,363,36.87,6.653,1.114,0.897,0.93
382,Image_14456-1.jpg (red)-1,13.485,255,16.019,0.66,5.655,489,350,107.103,3.905,1.39,0.72,0.817
383,Image_14456-1.jpg (red)-1,11.411,255,13.709,0.763,5.075,691,350,124.992,3.742,1.239,0.807,0.868
384,Image_14456-1.jpg (red)-1,194.328,255,60.8,0.661,21.562,95,356,129.523,11.239,1.95,0.513,0.917
385,Image_14456-1.jpg (red)-1,19.709,255,17.683,0.792,7.069,164,360,28.072,4.41,1.656,0.604,0.884
386,Image_14456-1.jpg (red)-1,74.342,255,36.482,0.702,13.26,472,355,131.186,8.119,1.784,0.561,0.87
387,Image_14456-1.jpg (red)-1,45.47,255,30.459,0.616,9.572,753,352,145.62,7.85,1.216,0.822,0.819
388,Image_14456-1.jpg (red)-1,53.596,255,31.291,0.688,12.144,430,371,38.047,6.987,2.015,0.496,0.873
389,Image_14456-1.jpg (red)-1,20.228,255,17.724,0.809,6.82,293,356,142.431,4.99,1.269,0.788,0.88
390,Image_14456-1.jpg (red)-1,70.885,255,35.122,0.722,12.99,380,355,129.806,7.235,1.881,0.532,0.89
391,Image_14456-1.jpg (red)-1,13.14,255,14.054,0.836,4.867,780,355,109.983,4.158,1.11,0.901,0.874
392,Image_14456-1.jpg (red)-1,49.619,255,26.973,0.857,9.813,354,356,143.616,7.069,1.232,0.811,0.938
393,Image_14456-1.jpg (red)-1,57.399,255,30.602,0.77,10.658,642,356,110.556,7.553,1.281,0.781,0.881
394,Image_14456-1.jpg (red)-1,94.916,255,45.588,0.574,15.915,220,358,123.275,10.291,1.861,0.537,0.846
395,Image_14456-1.jpg (red)-1,61.376,255,32.022,0.752,10.811,282,381,67.38,7.866,1.286,0.778,0.904
396,Image_14456-1.jpg (red)-1,42.185,255,29.527,0.608,11.768,712,374,32.005,5.393,2.485,0.402,0.83
397,Image_14456-1.jpg (red)-1,29.737,255,22.714,0.724,8.811,180,362,160.71,4.574,1.739,0.575,0.898
398,Image_14456-1.jpg (red)-1,30.601,255,21.496,0.832,7.812,321,377,64.799,6.034,1.197,0.835,0.889
399,Image_14456-1.jpg (red)-1,77.627,255,35.122,0.791,12.721,582,373,168.69,8.233,1.476,0.677,0.917
400,Image_14456-1.jpg (red)-1,114.971,255,42.606,0.796,16.237,37,380,13.325,9.667,1.696,0.59,0.929
401,Image_14456-1.jpg (red)-1,38.9,255,26.788,0.681,8.976,692,373,13.392,6.711,1.114,0.898,0.82
402,Image_14456-1.jpg (red)-1,11.411,255,12.29,0.949,4.498,235,365,146.31,3.742,1.124,0.89,0.923
403,Image_14456-1.jpg (red)-1,17.635,255,17.968,0.686,5.997,416,375,33.69,4.99,1.056,0.947,0.81
404,Image_14456-1.jpg (red)-1,41.148,255,26.788,0.721,10.065,669,364,128.29,5.277,1.966,0.509,0.886
405,Image_14456-1.jpg (red)-1,83.506,255,46.58,0.484,18.803,141,365,125.096,7.038,3.697,0.27,0.784
406,Image_14456-1.jpg (red)-1,25.242,255,19.245,0.856,6.97,201,369,162.646,5.061,1.399,0.715,0.901
407,Image_14456-1.jpg (red)-1,21.092,255,19.447,0.701,8.201,253,366,120.466,3.771,2.327,0.43,0.841
408,Image_14456-1.jpg (red)-1,102.178,255,51.368,0.487,21.238,309,389,23.051,7.624,3.414,0.293,0.837
409,Image_14456-1.jpg (red)-1,11.756,255,13.222,0.845,4.741,515,368,142.125,3.629,1.232,0.811,0.861
410,Image_14456-1.jpg (red)-1,19.018,255,16.548,0.873,5.655,297,368,143.973,4.574,1.123,0.89,0.902
411,Image_14456-1.jpg (red)-1,18.845,255,17.38,0.784,7.069,159,368,151.928,3.811,1.797,0.556,0.883
412,Image_14456-1.jpg (red)-1,83.851,255,36.642,0.785,13.946,75,401,63.435,7.603,1.864,0.537,0.919
413,Image_14456-1.jpg (red)-1,39.073,255,25.612,0.748,9.883,455,381,14.621,5.207,1.919,0.521,0.895
414,Image_14456-1.jpg (red)-1,49.965,255,28.107,0.795,9.734,524,386,19.983,7.314,1.185,0.844,0.899
415,Image_14456-1.jpg (red)-1,17.98,255,18.271,0.677,7.154,557,372,125.538,3.992,1.935,0.517,0.852
416,Image_14456-1.jpg (red)-1,23.859,255,20.564,0.709,7.768,752,390,74.476,4.912,1.697,0.589,0.847
417,Image_14456-1.jpg (red)-1,39.073,255,26.402,0.704,9.298,401,380,169.695,6.417,1.447,0.691,0.861
418,Image_14456-1.jpg (red)-1,40.629,255,26.242,0.741,9.157,433,389,39.472,5.597,1.623,0.616,0.9
419,Image_14456-1.jpg (red)-1,103.734,255,42.404,0.725,15.652,496,377,129.611,9.855,1.78,0.562,0.906
420,Image_14456-1.jpg (red)-1,14.35,255,14.541,0.853,5.325,368,388,38.66,3.999,1.283,0.78,0.888
421,Image_14456-1.jpg (red)-1,288.034,255,89.513,0.452,26.78,592,431,53.842,17.636,1.494,0.669,0.784
422,Image_14456-1.jpg (red)-1,40.11,255,26.444,0.721,9.081,479,401,74.055,6.946,1.155,0.866,0.848
423,Image_14456-1.jpg (red)-1,16.079,255,14.642,0.943,5.655,251,392,36.027,4.41,1.235,0.809,0.899
424,Image_14456-1.jpg (red)-1,30.774,255,21.799,0.814,7.944,544,392,6.009,5.535,1.478,0.677,0.877
425,Image_14456-1.jpg (red)-1,77.8,255,36.726,0.725,13.537,637,389,169.38,7.917,1.798,0.556,0.897
426,Image_14456-1.jpg (red)-1,94.225,255,38.288,0.808,13.056,687,409,52.765,9.484,1.358,0.736,0.928
427,Image_14456-1.jpg (red)-1,37.863,255,23.807,0.84,8.409,172,395,8.531,6.442,1.189,0.841,0.876
428,Image_14456-1.jpg (red)-1,26.452,255,20.564,0.786,7.633,129,388,150.642,5.405,1.278,0.782,0.884
429,Image_14456-1.jpg (red)-1,104.771,255,44.328,0.67,17.409,277,390,130.156,7.719,2.505,0.399,0.904
430,Image_14456-1.jpg (red)-1,13.658,255,13.709,0.913,5.075,298,386,124.992,4.076,1.173,0.852,0.903
431,Image_14456-1.jpg (red)-1,17.808,255,15.919,0.883,5.655,734,390,162.897,4.586,1.207,0.829,0.877
432,Image_14456-1.jpg (red)-1,20.401,255,17.926,0.798,6.361,12,403,78.69,4.56,1.364,0.733,0.864
433,Image_14456-1.jpg (red)-1,25.415,255,20.421,0.766,7.356,38,401,42.709,5.405,1.323,0.756,0.867
434,Image_14456-1.jpg (red)-1,12.621,255,14.642,0.74,5.579,356,395,26.565,3.92,1.463,0.683,0.807
435,Image_14456-1.jpg (red)-1,71.057,255,34.332,0.758,13.39,373,388,126.158,7.407,1.776,0.563,0.895
436,Image_14456-1.jpg (red)-1,66.044,255,32.063,0.807,10.977,416,391,127.304,8.732,1.061,0.943,0.915
437,Image_14456-1.jpg (red)-1,32.157,255,21.496,0.875,7.274,770,400,30.964,6.601,1.115,0.897,0.907
438,Image_14456-1.jpg (red)-1,18.153,255,16.649,0.823,6.82,201,393,142.431,3.905,1.754,0.57,0.901
439,Image_14456-1.jpg (red)-1,40.975,255,28.897,0.617,11.072,710,394,124.287,6.585,1.674,0.597,0.829
440,Image_14456-1.jpg (red)-1,56.535,255,33.139,0.647,12.509,144,422,68.552,5.875,2.369,0.422,0.891
441,Image_14456-1.jpg (red)-1,65.352,255,33.055,0.752,11.311,348,398,143.973,8.606,1.262,0.793,0.89
442,Image_14456-1.jpg (red)-1,51.694,255,29.099,0.767,10.658,527,419,69.444,6.762,1.545,0.647,0.886
443,Image_14456-1.jpg (red)-1,22.648,255,19.245,0.768,7.105,441,396,110.556,4.683,1.51,0.662,0.865
444,Image_14456-1.jpg (red)-1,40.975,255,24.823,0.836,8.995,21,401,146.31,6.74,1.222,0.819,0.905
445,Image_14456-1.jpg (red)-1,10.2,255,11.945,0.898,4.649,399,397,116.565,2.911,1.4,0.714,0.929
446,Image_14456-1.jpg (red)-1,48.755,255,27.905,0.787,9.482,313,418,52.125,7.069,1.186,0.843,0.911
447,Image_14456-1.jpg (red)-1,33.713,255,22.815,0.814,7.987,727,399,141.34,6.631,1.126,0.888,0.905
448,Image_14456-1.jpg (red)-1,18.672,255,16.893,0.822,6.361,97,404,11.31,4.158,1.548,0.646,0.885
449,Image_14456-1.jpg (red)-1,55.325,255,31.736,0.69,11.009,218,412,10.886,7.9,1.365,0.733,0.899
450,Image_14456-1.jpg (red)-1,38.381,255,23.949,0.841,8.073,51,402,145.491,7.056,1.115,0.897,0.897
451,Image_14456-1.jpg (red)-1,13.14,255,14.297,0.808,5.405,245,404,157.38,3.653,1.591,0.629,0.859
452,Image_14456-1.jpg (red)-1,15.041,255,15.675,0.769,5.776,335,401,120.256,3.806,1.531,0.653,0.837
453,Image_14456-1.jpg (red)-1,36.307,255,24.537,0.758,8.572,647,406,140.906,6.269,1.389,0.72,0.861
454,Image_14456-1.jpg (red)-1,38.209,255,24.395,0.807,8.889,188,403,100.784,6.653,1.28,0.781,0.893
455,Image_14456-1.jpg (red)-1,106.673,255,41.43,0.781,14.606,531,419,175.101,10.738,1.246,0.802,0.911
456,Image_14456-1.jpg (red)-1,68.983,255,33.441,0.775,11.775,703,404,132.138,9.374,1.226,0.816,0.916
457,Image_14456-1.jpg (red)-1,47.717,255,29.04,0.711,11.009,565,414,169.114,6.237,1.694,0.59,0.886
458,Image_14456-1.jpg (red)-1,34.751,255,23.504,0.79,8.811,448,412,160.71,6.237,1.268,0.789,0.884
459,Image_14456-1.jpg (red)-1,24.896,255,19.144,0.854,6.92,397,421,32.735,5.405,1.256,0.796,0.883
460,Image_14456-1.jpg (red)-1,25.761,255,20.077,0.803,6.92,493,419,32.735,4.99,1.226,0.815,0.906
461,Image_14456-1.jpg (red)-1,345.606,255,79.986,0.679,27.19,81,470,66.571,17.464,1.532,0.653,0.909
462,Image_14456-1.jpg (red)-1,26.452,255,20.219,0.813,7.356,675,412,132.709,4.865,1.478,0.676,0.908
463,Image_14456-1.jpg (red)-1,21.957,255,17.279,0.924,6.237,477,412,126.87,4.99,1.06,0.943,0.944
464,Image_14456-1.jpg (red)-1,42.877,255,27.074,0.735,10.193,269,437,78.232,5.405,1.906,0.525,0.919
465,Image_14456-1.jpg (red)-1,47.89,255,27.032,0.824,9.813,246,417,126.384,6.825,1.492,0.67,0.908
466,Image_14456-1.jpg (red)-1,48.582,255,28.393,0.757,11.53,158,417,154.359,5.81,1.94,0.515,0.92
467,Image_14456-1.jpg (red)-1,87.655,255,36.827,0.812,12.46,638,442,64.29,10.17,1.167,0.857,0.901
468,Image_14456-1.jpg (red)-1,25.415,255,19.144,0.871,7.274,419,417,120.964,4.941,1.458,0.686,0.93
469,Image_14456-1.jpg (red)-1,62.586,255,33.542,0.699,14.125,318,440,42.614,6.224,2.347,0.426,0.916
470,Image_14456-1.jpg (red)-1,36.134,255,23.647,0.812,8.572,775,420,129.094,5.821,1.399,0.715,0.919
471,Image_14456-1.jpg (red)-1,14.523,255,15.331,0.777,6.347,757,420,148.392,3.41,2.153,0.464,0.862
472,Image_14456-1.jpg (red)-1,11.584,255,12.878,0.878,4.741,126,419,127.875,3.533,1.28,0.781,0.893
473,Image_14456-1.jpg (red)-1,34.578,255,23.302,0.8,8.652,200,419,144.782,5.821,1.329,0.753,0.911
474,Image_14456-1.jpg (red)-1,26.971,255,21.009,0.768,7.944,218,434,42.879,5.073,1.685,0.594,0.852
475,Image_14456-1.jpg (red)-1,57.053,255,29.871,0.803,10.65,612,425,141.34,8.232,1.315,0.761,0.914
476,Image_14456-1.jpg (red)-1,55.497,255,28.737,0.844,10.269,11,435,21.371,7.248,1.339,0.747,0.936
477,Image_14456-1.jpg (red)-1,22.13,255,18.069,0.852,6.705,67,432,29.745,4.787,1.346,0.743,0.914
478,Image_14456-1.jpg (red)-1,24.204,255,18.901,0.851,7.356,397,422,137.291,4.998,1.456,0.687,0.915
479,Image_14456-1.jpg (red)-1,34.059,255,22.571,0.84,8.995,493,436,33.69,5.522,1.663,0.601,0.929
480,Image_14456-1.jpg (red)-1,37.171,255,24.436,0.782,8.957,443,433,21.801,6.237,1.421,0.704,0.894
481,Image_14456-1.jpg (red)-1,15.906,255,15.129,0.873,5.421,293,429,147.529,4.158,1.196,0.836,0.915
482,Image_14456-1.jpg (red)-1,19.191,255,20.219,0.59,8.232,460,440,45,4.649,2.091,0.478,0.758
483,Image_14456-1.jpg (red)-1,28.7,255,22.084,0.739,8.771,712,439,31.43,4.818,2.014,0.497,0.867
484,Image_14456-1.jpg (red)-1,40.802,255,25.898,0.764,10.395,740,428,143.13,6.628,1.638,0.611,0.908
485,Image_14456-1.jpg (red)-1,28.7,255,20.908,0.825,7.944,385,427,132.879,5.88,1.274,0.785,0.902
486,Image_14456-1.jpg (red)-1,103.734,255,40.338,0.801,13.841,661,455,57.265,10.94,1.142,0.876,0.926
487,Image_14456-1.jpg (red)-1,53.769,255,28.855,0.812,10.795,577,429,105.642,6.845,1.435,0.697,0.895
488,Image_14456-1.jpg (red)-1,19.882,255,16.406,0.928,5.953,136,443,65.225,4.823,1.226,0.816,0.916
489,Image_14456-1.jpg (red)-1,13.14,255,13.911,0.853,4.849,360,438,30.964,4.158,1.072,0.932,0.894
490,Image_14456-1.jpg (red)-1,21.784,255,17.38,0.906,6.181,280,441,42.274,4.99,1.085,0.921,0.926
491,Image_14456-1.jpg (red)-1,32.33,255,23.706,0.723,8.368,372,431,116.565,6.494,1.328,0.753,0.835
492,Image_14456-1.jpg (red)-1,77.8,255,43.295,0.522,15.112,608,431,97.907,9.349,1.731,0.578,0.753
493,Image_14456-1.jpg (red)-1,11.929,255,13.222,0.857,5.143,197,444,75.964,3.326,1.501,0.666,0.885
494,Image_14456-1.jpg (red)-1,48.236,255,29.443,0.699,10.117,418,445,170.538,7.438,1.527,0.655,0.834
495,Image_14456-1.jpg (red)-1,43.222,255,26.1,0.797,9.491,687,433,118.811,7.263,1.412,0.708,0.883
496,Image_14456-1.jpg (red)-1,38.036,255,26.587,0.676,9.734,207,440,160.017,6.152,1.653,0.605,0.83
497,Image_14456-1.jpg (red)-1,73.305,255,33.299,0.831,11.196,157,454,15.068,9.502,1.109,0.902,0.926
498,Image_14456-1.jpg (red)-1,34.405,255,23.747,0.767,8.285,339,438,107.526,6.034,1.452,0.689,0.892
499,Image_14456-1.jpg (red)-1,89.038,255,46.865,0.509,12.99,452,440,140.194,9.855,1.26,0.793,0.87
500,Image_14456-1.jpg (red)-1,55.843,255,28.25,0.879,9.491,305,460,61.189,8.204,1.119,0.893,0.926
501,Image_14456-1.jpg (red)-1,20.574,255,19.489,0.681,7.105,772,450,20.556,4.512,1.7,0.588,0.853
502,Image_14456-1.jpg (red)-1,12.794,255,13.81,0.843,5.075,562,451,55.008,3.691,1.297,0.771,0.871
503,Image_14456-1.jpg (red)-1,30.601,255,21.698,0.817,7.998,733,451,8.973,5.393,1.441,0.694,0.889
504,Image_14456-1.jpg (red)-1,25.761,255,20.219,0.792,7.403,236,443,141.843,5.219,1.392,0.718,0.879
505,Image_14456-1.jpg (red)-1,40.456,255,28.737,0.616,11.048,625,453,19.799,4.893,2.545,0.393,0.863
506,Image_14456-1.jpg (red)-1,147.993,255,47.822,0.813,16.05,11,449,143.427,12.89,1.013,0.987,0.944
507,Image_14456-1.jpg (red)-1,138.657,255,46.319,0.812,15.833,118,452,150.068,12.886,1.104,0.906,0.924
508,Image_14456-1.jpg (red)-1,26.106,255,18.859,0.922,6.769,278,453,10.62,5.586,1.108,0.903,0.893
509,Image_14456-1.jpg (red)-1,149.203,255,57.617,0.565,21.852,381,450,158.806,11.933,2.014,0.497,0.81
510,Image_14456-1.jpg (red)-1,100.622,255,40.48,0.772,14.162,492,468,40.236,9.979,1.307,0.765,0.926
511,Image_14456-1.jpg (red)-1,60.857,255,34.676,0.636,12.229,54,470,54.689,7.066,1.991,0.502,0.833
512,Image_14456-1.jpg (red)-1,35.615,255,22.916,0.852,8.201,188,445,120.466,6.237,1.306,0.766,0.909
513,Image_14456-1.jpg (red)-1,18.845,255,16.448,0.875,5.997,592,446,123.69,4.158,1.418,0.705,0.924
514,Image_14456-1.jpg (red)-1,39.937,255,27.662,0.656,10.057,199,447,150.255,6.837,1.462,0.684,0.854
515,Image_14456-1.jpg (red)-1,49.619,255,27.905,0.801,10.269,251,450,148.241,7.069,1.366,0.732,0.926
516,Image_14456-1.jpg (red)-1,46.507,255,27.763,0.758,9.996,521,456,163.072,6.152,1.58,0.633,0.901
517,Image_14456-1.jpg (red)-1,20.055,255,18.8,0.713,7.644,774,451,157.62,3.742,2.037,0.491,0.889
518,Image_14456-1.jpg (red)-1,59.128,255,33.542,0.66,13.056,715,462,170.838,7.612,1.722,0.581,0.841
519,Image_14456-1.jpg (red)-1,52.558,255,30.317,0.719,11.048,697,477,70.201,7.381,1.495,0.669,0.88
520,Image_14456-1.jpg (red)-1,16.079,255,15.919,0.797,5.953,618,460,12.095,4.277,1.454,0.688,0.819
521,Image_14456-1.jpg (red)-1,22.994,255,19.934,0.727,7.368,646,474,73.61,4.998,1.489,0.672,0.842
522,Image_14456-1.jpg (red)-1,45.643,255,29.485,0.66,10.065,655,463,141.71,6.753,1.568,0.638,0.83
523,Image_14456-1.jpg (red)-1,28.7,255,21.799,0.759,8.368,749,475,63.435,4.544,1.948,0.513,0.871
524,Image_14456-1.jpg (red)-1,80.912,255,41.287,0.596,15.806,763,463,144.638,8.88,2.22,0.45,0.822
525,Image_14456-1.jpg (red)-1,29.045,255,20.564,0.863,7.356,230,460,132.709,5.559,1.255,0.797,0.916
526,Image_14456-1.jpg (red)-1,131.05,255,47.999,0.715,17.144,303,477,14.036,12.571,1.313,0.762,0.876
527,Image_14456-1.jpg (red)-1,30.774,255,21.009,0.876,7.262,559,474,66.371,6.322,1.034,0.967,0.91
528,Image_14456-1.jpg (red)-1,23.859,255,20.421,0.719,7.998,274,466,8.973,4.574,1.794,0.557,0.86
529,Image_14456-1.jpg (red)-1,59.993,255,32.996,0.692,11.892,359,478,36.469,8.316,1.467,0.682,0.875
530,Image_14456-1.jpg (red)-1,39.592,255,27.519,0.657,10.428,433,472,4.574,5.998,1.875,0.533,0.869
531,Image_14456-1.jpg (red)-1,18.326,255,16.019,0.897,5.791,593,469,21.038,4.41,1.219,0.821,0.91
532,Image_14456-1.jpg (red)-1,34.405,255,22.571,0.849,7.845,159,464,147.995,6.237,1.141,0.877,0.919
533,Image_14456-1.jpg (red)-1,10.719,255,13.323,0.759,5.421,578,462,147.529,2.789,2.097,0.477,0.844
534,Image_14456-1.jpg (red)-1,17.116,255,15.23,0.927,5.421,199,463,122.471,4.556,1.164,0.859,0.908
535,Image_14456-1.jpg (red)-1,141.251,255,50.578,0.694,18.224,470,505,62.85,10.084,1.917,0.522,0.918
536,Image_14456-1.jpg (red)-1,39.073,255,24.436,0.822,8.073,621,464,101.889,7.306,1.06,0.943,0.874
537,Image_14456-1.jpg (red)-1,50.657,255,28.897,0.762,10.985,525,489,60.524,6.674,1.665,0.6,0.881
538,Image_14456-1.jpg (red)-1,29.91,255,21.841,0.788,7.496,712,473,160.56,5.531,1.424,0.702,0.874
539,Image_14456-1.jpg (red)-1,81.777,255,35.692,0.807,12.123,273,489,30.964,9.056,1.287,0.777,0.92
540,Image_14456-1.jpg (red)-1,115.49,255,44.471,0.734,14.841,491,488,168.69,11.965,1.21,0.827,0.882
541,Image_14456-1.jpg (red)-1,144.708,255,48.344,0.778,18.186,555,491,10.539,11.623,1.59,0.629,0.92
542,Image_14456-1.jpg (red)-1,38.381,255,25.268,0.755,8.742,450,491,64.654,7.252,1.09,0.918,0.872
543,Image_14456-1.jpg (red)-1,16.252,255,16.162,0.782,5.791,58,473,111.038,4.574,1.224,0.817,0.858
544,Image_14456-1.jpg (red)-1,44.433,255,25.226,0.877,8.481,337,484,11.31,7.35,1.074,0.931,0.9
545,Image_14456-1.jpg (red)-1,15.387,255,15.129,0.845,5.91,421,474,140.711,4.208,1.377,0.726,0.89
546,Image_14456-1.jpg (red)-1,13.312,255,13.466,0.923,5.21,69,477,151.39,3.742,1.387,0.721,0.917
547,Image_14456-1.jpg (red)-1,15.906,255,15.23,0.862,5.776,118,478,149.744,4.574,1.228,0.814,0.876
548,Image_14456-1.jpg (red)-1,88.865,255,38.935,0.737,14.307,162,504,54.462,8.732,1.696,0.59,0.9
549,Image_14456-1.jpg (red)-1,31.293,255,22.53,0.775,8.368,32,479,153.435,5.364,1.585,0.631,0.9
550,Image_14456-1.jpg (red)-1,117.046,255,43.438,0.78,14.523,374,509,66.371,11.636,1.232,0.812,0.92
551,Image_14456-1.jpg (red)-1,22.476,255,18.514,0.824,6.705,677,478,150.255,4.998,1.381,0.724,0.906
552,Image_14456-1.jpg (red)-1,88.001,255,41.573,0.64,14.143,2,488,155.695,9.996,1.444,0.693,0.822
553,Image_14456-1.jpg (red)-1,31.812,255,22.126,0.817,7.734,96,480,143.746,5.818,1.145,0.874,0.909
554,Image_14456-1.jpg (red)-1,11.756,255,13.667,0.791,5.325,239,488,38.66,3.234,1.621,0.617,0.866
555,Image_14456-1.jpg (red)-1,274.894,255,66.11,0.79,23.11,738,496,171.724,16.969,1.217,0.822,0.928
556,Image_14456-1.jpg (red)-1,43.222,255,27.905,0.697,10.625,420,483,149.421,5.79,1.87,0.535,0.88
557,Image_14456-1.jpg (red)-1,30.601,255,21.74,0.814,7.403,224,497,38.157,6.237,1.13,0.885,0.881
558,Image_14456-1.jpg (red)-1,34.578,255,22.773,0.838,8.03,623,502,68.749,6.736,1.122,0.891,0.883
559,Image_14456-1.jpg (red)-1,67.427,255,33.038,0.776,12.229,192,486,144.689,7.9,1.266,0.79,0.929
560,Image_14456-1.jpg (red)-1,40.11,255,25.024,0.805,8.84,79,486,138.814,6.883,1.183,0.845,0.897
561,Image_14456-1.jpg (red)-1,30.083,255,21.597,0.81,8.316,136,487,143.13,5.189,1.687,0.593,0.895
562,Image_14456-1.jpg (red)-1,99.411,255,38.347,0.85,13.129,591,497,169.046,10.16,1.192,0.839,0.931
563,Image_14456-1.jpg (red)-1,96.818,255,39.322,0.787,14.748,720,486,111.501,10.027,1.417,0.706,0.906
564,Image_14456-1.jpg (red)-1,26.798,255,21.152,0.753,7.998,124,487,98.973,4.538,1.845,0.542,0.893
565,Image_14456-1.jpg (red)-1,69.156,255,32.912,0.802,11.5,536,487,102.529,9.072,1.307,0.765,0.904
566,Image_14456-1.jpg (red)-1,77.627,255,38.062,0.673,14.553,655,495,143.13,7.056,2.272,0.44,0.886
567,Image_14456-1.jpg (red)-1,91.977,255,39.506,0.741,13.639,395,514,37.569,10.86,1.253,0.798,0.885
568,Image_14456-1.jpg (red)-1,23.513,255,18.556,0.858,7.274,56,492,149.036,4.574,1.622,0.617,0.919
569,Image_14456-1.jpg (red)-1,151.97,255,51.023,0.734,17.508,644,533,85.914,12.623,1.372,0.729,0.915
570,Image_14456-1.jpg (red)-1,118.429,255,43.177,0.798,15.586,275,492,133.919,10.488,1.457,0.686,0.925
571,Image_14456-1.jpg (red)-1,21.265,255,17.683,0.855,6.666,702,493,93.576,4.871,1.29,0.775,0.885
572,Image_14456-1.jpg (red)-1,83.678,255,36.197,0.803,12.236,33,512,9.782,10.151,1.06,0.943,0.898
573,Image_14456-1.jpg (red)-1,77.282,255,35.692,0.762,12.144,317,517,38.047,9.851,1.154,0.866,0.876
574,Image_14456-1.jpg (red)-1,63.623,255,31.534,0.804,11.357,506,508,23.749,8.251,1.421,0.704,0.912
575,Image_14456-1.jpg (red)-1,10.028,255,11.802,0.905,4.478,183,497,158.199,3.326,1.261,0.793,0.906
576,Image_14456-1.jpg (red)-1,80.221,255,38.692,0.673,15.289,215,519,22.38,6.88,2.272,0.44,0.902
577,Image_14456-1.jpg (red)-1,11.584,255,12.735,0.898,4.849,106,507,30.964,3.806,1.319,0.758,0.87
578,Image_14456-1.jpg (red)-1,17.289,255,18.413,0.641,7.845,249,514,32.005,3.533,2.388,0.419,0.855
579,Image_14456-1.jpg (red)-1,34.405,255,24.134,0.742,8.771,567,518,31.43,6.237,1.571,0.637,0.886
580,Image_14456-1.jpg (red)-1,12.275,255,12.878,0.93,4.849,172,508,149.036,3.742,1.143,0.875,0.91
581,Image_14456-1.jpg (red)-1,42.704,255,28.493,0.661,11.357,342,508,156.251,5.128,2.493,0.401,0.885
582,Image_14456-1.jpg (red)-1,30.601,255,21.152,0.86,7.274,121,508,120.964,6.237,1.033,0.969,0.908
583,Image_14456-1.jpg (red)-1,52.558,255,28.393,0.819,10.151,447,509,145.008,7.484,1.14,0.877,0.927
584,Image_14456-1.jpg (red)-1,39.073,255,26.159,0.718,10.625,479,509,120.579,5.292,2.219,0.451,0.861
585,Image_14456-1.jpg (red)-1,122.06,255,50.898,0.592,16.931,685,547,65.323,10.03,1.778,0.563,0.874
586,Image_14456-1.jpg (red)-1,54.979,255,28.065,0.877,9.599,61,526,17.65,8.15,1.096,0.912,0.91
587,Image_14456-1.jpg (red)-1,114.971,255,42.564,0.797,15.112,517,523,172.093,11.173,1.307,0.765,0.915
588,Image_14456-1.jpg (red)-1,49.965,255,28.166,0.791,10.843,260,530,32.471,6.122,1.864,0.536,0.906
589,Image_14456-1.jpg (red)-1,18.499,255,16.649,0.839,5.791,598,514,111.038,4.574,1.188,0.842,0.907
590,Image_14456-1.jpg (red)-1,42.185,255,25.999,0.784,8.898,178,516,127.405,6.836,1.345,0.743,0.881
591,Image_14456-1.jpg (red)-1,150.414,255,57.164,0.578,21.626,592,551,37.972,10.879,2.366,0.423,0.834
592,Image_14456-1.jpg (red)-1,72.095,255,34.172,0.776,12.95,193,540,47.603,8.064,1.523,0.657,0.917
593,Image_14456-1.jpg (red)-1,30.256,255,20.908,0.87,7.667,156,518,130.601,5.579,1.325,0.755,0.914
594,Image_14456-1.jpg (red)-1,52.213,255,33.685,0.578,11.173,226,537,45,8.673,1.222,0.818,0.798
595,Image_14456-1.jpg (red)-1,29.045,255,20.724,0.85,7.588,578,518,99.462,5.586,1.251,0.799,0.882
596,Image_14456-1.jpg (red)-1,62.413,255,30.317,0.853,10.519,423,525,161.565,8.746,1.182,0.846,0.91
597,Image_14456-1.jpg (red)-1,32.503,255,24.923,0.658,9.671,26,522,115.463,5.373,1.958,0.511,0.83
598,Image_14456-1.jpg (red)-1,40.456,255,25.571,0.778,9.298,133,531,10.305,7.056,1.291,0.775,0.867
599,Image_14456-1.jpg (red)-1,49.965,255,27.864,0.809,10.69,328,527,166.504,6.682,1.603,0.624,0.91
600,Image_14456-1.jpg (red)-1,18.845,255,16.75,0.844,5.953,44,536,65.225,4.704,1.235,0.81,0.872
601,Image_14456-1.jpg (red)-1,22.13,255,18.212,0.838,6.769,404,525,137.49,5.405,1.15,0.87,0.911
602,Image_14456-1.jpg (red)-1,118.948,255,43.908,0.775,16.002,369,528,155.433,9.979,1.63,0.613,0.937
603,Image_14456-1.jpg (red)-1,88.519,255,35.978,0.859,12.363,739,526,132.274,9.979,1.065,0.939,0.947
604,Image_14456-1.jpg (red)-1,11.238,255,14.154,0.705,5.058,118,534,9.462,3.94,1.389,0.72,0.802
605,Image_14456-1.jpg (red)-1,14.696,255,14.784,0.845,6.054,286,527,164.055,2.911,1.893,0.528,0.95
606,Image_14456-1.jpg (red)-1,92.15,255,37.818,0.81,13.62,501,536,167.661,9.702,1.219,0.821,0.929
607,Image_14456-1.jpg (red)-1,141.769,255,49.889,0.716,18.224,312,527,117.15,11.642,1.71,0.585,0.909
608,Image_14456-1.jpg (red)-1,82.987,255,36.869,0.767,12.404,651,532,140.44,9.738,1.196,0.836,0.898
609,Image_14456-1.jpg (red)-1,29.045,255,20.908,0.835,7.403,354,532,141.843,5.592,1.34,0.746,0.896
610,Image_14456-1.jpg (red)-1,94.052,255,41.187,0.697,14.624,81,544,165.174,10.955,1.331,0.752,0.882
611,Image_14456-1.jpg (red)-1,55.152,255,28.048,0.881,9.813,547,549,36.384,7.9,1.068,0.936,0.942
612,Image_14456-1.jpg (red)-1,63.623,255,32.265,0.768,11.188,704,532,138.013,8.182,1.221,0.819,0.923
613,Image_14456-1.jpg (red)-1,20.92,255,19.388,0.699,6.82,169,533,127.569,4.454,1.28,0.781,0.858
614,Image_14456-1.jpg (red)-1,18.672,255,18.17,0.711,6.495,59,546,50.194,4.69,1.317,0.759,0.831
615,Image_14456-1.jpg (red)-1,30.601,255,23.017,0.726,8.771,291,534,121.43,5.021,2.009,0.498,0.866
616,Image_14456-1.jpg (red)-1,29.045,255,21.942,0.758,7.889,438,542,161.565,6.136,1.309,0.764,0.851
617,Image_14456-1.jpg (red)-1,79.529,255,39.85,0.629,13.639,476,562,52.431,10.69,1.308,0.765,0.802
618,Image_14456-1.jpg (red)-1,101.14,255,40.581,0.772,14.338,627,534,106.858,9.563,1.361,0.735,0.928
619,Image_14456-1.jpg (red)-1,56.535,255,30.762,0.751,12.342,416,539,122.619,6.146,2.127,0.47,0.892
620,Image_14456-1.jpg (red)-1,47.199,255,27.377,0.791,9.883,132,546,157.751,7.515,1.173,0.852,0.888
621,Image_14456-1.jpg (red)-1,16.77,255,16.691,0.756,6.181,209,541,132.274,4.128,1.324,0.755,0.882
622,Image_14456-1.jpg (red)-1,34.751,255,25.167,0.689,9.742,261,544,129.806,5.907,1.721,0.581,0.848
623,Image_14456-1.jpg (red)-1,21.092,255,17.338,0.882,6.361,432,550,168.69,4.99,1.239,0.807,0.894
624,Image_14456-1.jpg (red)-1,83.16,255,40.212,0.646,14.338,571,554,150.461,9.408,1.762,0.567,0.86
625,Image_14456-1.jpg (red)-1,24.032,255,19.245,0.815,7.633,725,546,150.642,4.935,1.515,0.66,0.888
626,Image_14456-1.jpg (red)-1,37.69,255,23.546,0.854,8.572,340,563,50.906,6.174,1.29,0.775,0.916
627,Image_14456-1.jpg (red)-1,19.364,255,16.75,0.867,6.181,488,550,160.346,4.898,1.234,0.811,0.875
628,Image_14456-1.jpg (red)-1,77.627,255,34.13,0.837,11.196,59,547,111.801,9.782,1.081,0.925,0.911
629,Image_14456-1.jpg (red)-1,25.242,255,18.758,0.901,7.069,456,550,151.928,5.195,1.409,0.71,0.893
630,Image_14456-1.jpg (red)-1,45.816,255,27.477,0.763,10.048,526,555,155.556,6.914,1.465,0.683,0.855
631,Image_14456-1.jpg (red)-1,35.442,255,22.672,0.866,8.169,41,550,104.744,6.237,1.302,0.768,0.901
632,Image_14456-1.jpg (red)-1,39.592,255,27.721,0.647,10.269,678,574,68.629,6.561,1.458,0.686,0.809
633,Image_14456-1.jpg (red)-1,78.146,255,34.736,0.814,12.404,179,552,103.57,8.82,1.28,0.782,0.9
634,Image_14456-1.jpg (red)-1,19.018,255,17.724,0.761,6.495,198,562,39.806,4.455,1.353,0.739,0.894
635,Image_14456-1.jpg (red)-1,61.203,255,33.786,0.674,12.474,232,557,126.87,6.141,2.107,0.475,0.907
636,Image_14456-1.jpg (red)-1,15.387,255,14.499,0.92,5.405,217,555,112.62,4.382,1.273,0.786,0.886
637,Image_14456-1.jpg (red)-1,44.26,255,29.04,0.66,9.918,297,556,123.024,6.718,1.678,0.596,0.835
638,Image_14456-1.jpg (red)-1,53.596,255,29.141,0.793,10.843,734,558,147.529,7.056,1.439,0.695,0.891
639,Image_14456-1.jpg (red)-1,31.639,255,21.841,0.833,8.169,151,558,165.256,5.405,1.536,0.651,0.893
640,Image_14456-1.jpg (red)-1,18.326,255,16.103,0.888,5.91,389,567,50.711,4.158,1.169,0.856,0.946
641,Image_14456-1.jpg (red)-1,27.144,255,21.983,0.706,7.734,700,559,126.254,5.128,1.616,0.619,0.851
642,Image_14456-1.jpg (red)-1,20.92,255,17.926,0.818,6.361,761,557,101.31,4.835,1.204,0.83,0.861
643,Image_14456-1.jpg (red)-1,35.615,255,24.537,0.743,9.344,132,559,122.276,5.175,2.035,0.491,0.884
644,Image_14456-1.jpg (red)-1,22.476,255,19.043,0.779,6.97,77,563,162.646,4.177,1.684,0.594,0.884
645,Image_14456-1.jpg (red)-1,84.716,255,36.827,0.785,14.416,99,561,146.768,8.526,1.593,0.628,0.921
646,Image_14456-1.jpg (red)-1,54.633,255,29.141,0.808,10.42,253,566,151.39,7.075,1.404,0.712,0.912
647,Image_14456-1.jpg (red)-1,27.662,255,21.698,0.738,8.03,468,563,111.251,4.835,1.878,0.533,0.847
648,Image_14456-1.jpg (red)-1,33.713,255,21.799,0.892,7.588,414,564,99.462,6.468,1.072,0.933,0.901
649,Image_14456-1.jpg (red)-1,10.028,255,11.802,0.905,4.158,452,572,36.87,3.742,1.057,0.946,0.872
650,Image_14456-1.jpg (red)-1,23.34,255,18.514,0.856,6.574,547,567,145.305,4.823,1.318,0.759,0.888
651,Image_14456-1.jpg (red)-1,28.873,255,22.63,0.708,8.572,568,564,129.094,5.292,1.844,0.542,0.841
652,Image_14456-1.jpg (red)-1,50.484,255,28.065,0.805,10.286,722,588,75.964,6.902,1.478,0.677,0.893
653,Image_14456-1.jpg (red)-1,48.755,255,29.141,0.721,10.601,429,565,115.56,6.675,1.54,0.649,0.848
654,Image_14456-1.jpg (red)-1,45.816,255,26.83,0.8,9.734,515,565,109.983,6.653,1.512,0.661,0.92
655,Image_14456-1.jpg (red)-1,185.856,255,58.264,0.688,21.785,319,568,113.629,11.028,2.085,0.48,0.924
656,Image_14456-1.jpg (red)-1,10.2,255,12.147,0.869,4.478,693,567,111.801,3.659,1.188,0.841,0.855
657,Image_14456-1.jpg (red)-1,90.248,255,36.155,0.868,12.721,153,586,11.31,9.114,1.263,0.792,0.935
658,Image_14456-1.jpg (red)-1,16.77,255,16.507,0.773,6.333,211,577,23.199,4.302,1.575,0.635,0.829
659,Image_14456-1.jpg (red)-1,48.582,255,31.089,0.632,10.014,356,569,131.634,8.591,1.201,0.833,0.797
660,Image_14456-1.jpg (red)-1,49.273,255,28.88,0.742,10.787,488,571,152.447,6.237,1.559,0.641,0.911
661,Image_14456-1.jpg (red)-1,15.733,255,14.784,0.905,5.421,348,581,57.529,4.158,1.122,0.892,0.929
662,Image_14456-1.jpg (red)-1,34.578,255,22.429,0.864,7.768,287,589,74.476,6.64,1.077,0.928,0.911
663,Image_14456-1.jpg (red)-1,33.713,255,22.37,0.847,8.073,371,573,145.491,6.237,1.047,0.955,0.92
664,Image_14456-1.jpg (red)-1,28.873,255,19.934,0.913,7.496,621,574,160.56,5.52,1.38,0.724,0.923
665,Image_14456-1.jpg (red)-1,20.228,255,17.784,0.804,6.574,534,588,71.565,4.407,1.36,0.736,0.863
666,Image_14456-1.jpg (red)-1,16.943,255,15.776,0.855,5.88,566,573,98.13,4.41,1.138,0.879,0.86
667,Image_14456-1.jpg (red)-1,81.258,255,36.768,0.755,13.62,59,574,102.339,7.861,1.802,0.555,0.915
668,Image_14456-1.jpg (red)-1,12.102,255,15.574,0.627,5.953,582,580,167.905,3.72,1.866,0.536,0.778
669,Image_14456-1.jpg (red)-1,72.441,255,39.868,0.573,15.021,602,576,131.634,7.792,2.164,0.462,0.836
670,Image_14456-1.jpg (red)-1,15.387,255,15.331,0.823,5.91,457,577,129.289,3.822,1.527,0.655,0.894
671,Image_14456-1.jpg (red)-1,14.523,255,14.154,0.911,5.075,402,589,55.008,4.277,1.211,0.826,0.884
672,Image_14456-1.jpg (red)-1,21.092,255,18.069,0.812,7.069,694,578,118.072,4.574,1.342,0.745,0.904
673,Image_14456-1.jpg (red)-1,15.733,255,15.818,0.79,5.953,737,579,155.225,4.158,1.253,0.798,0.879
674,Image_14456-1.jpg (red)-1,33.022,255,23.319,0.763,8.572,76,585,157.166,5.586,1.546,0.647,0.868
675,Image_14456-1.jpg (red)-1,66.735,255,32.61,0.789,11.56,215,599,37.694,8.314,1.345,0.744,0.904
676,Image_14456-1.jpg (red)-1,58.609,255,31.148,0.759,11.311,117,585,143.973,6.985,1.535,0.652,0.905
677,Image_14456-1.jpg (red)-1,91.804,255,42.345,0.643,14.905,637,583,120.141,8.704,1.907,0.524,0.868
678,Image_14456-1.jpg (red)-1,24.377,255,19.144,0.836,6.574,485,584,124.695,5.605,1.062,0.942,0.881
679,Image_14456-1.jpg (red)-1,34.924,255,24.092,0.756,9.298,568,589,10.305,5.405,1.637,0.611,0.888
680,Image_14456-1.jpg (red)-1,44.087,255,28.107,0.701,10.065,504,585,141.71,6.969,1.517,0.659,0.882
681,Image_14456-1.jpg (red)-1,61.894,255,31.106,0.804,11.349,663,584,118.443,7.056,1.505,0.665,0.906
682,Image_14456-1.jpg (red)-1,45.124,255,29.182,0.666,11.56,296,585,127.694,5.149,2.262,0.442,0.906
683,Image_14456-1.jpg (red)-1,21.092,255,17.036,0.913,6.495,189,586,140.194,4.922,1.162,0.86,0.938
684,Image_14456-1.jpg (red)-1,100.103,255,38.935,0.83,14.027,431,598,168.024,9.907,1.35,0.741,0.922
685,Image_14456-1.jpg (red)-1,20.92,255,16.75,0.937,6.333,250,591,156.801,4.906,1.33,0.752,0.917
686,Image_14456-1.jpg (red)-1,67.427,255,34.189,0.725,12.896,371,618,69.228,7.644,1.533,0.652,0.885
687,Image_14456-1.jpg (red)-1,63.105,255,34.374,0.671,12.123,552,596,149.036,8.88,1.557,0.642,0.835
688,Image_14456-1.jpg (red)-1,26.452,255,18.901,0.931,6.574,148,591,124.695,5.405,1.127,0.887,0.939
689,Image_14456-1.jpg (red)-1,10.2,255,11.802,0.92,4.498,273,593,146.31,3.528,1.3,0.769,0.894
690,Image_14456-1.jpg (red)-1,21.957,255,17.968,0.855,7.105,590,607,69.444,4.158,1.623,0.616,0.914
691,Image_14456-1.jpg (red)-1,21.265,255,18.657,0.768,7.356,748,592,132.709,4.18,1.883,0.531,0.872
692,Image_14456-1.jpg (red)-1,10.028,255,11.601,0.936,4.498,106,592,123.69,2.911,1.303,0.767,0.959
693,Image_14456-1.jpg (red)-1,52.904,255,29.325,0.773,10.065,395,594,141.71,7.484,1.158,0.864,0.905
694,Image_14456-1.jpg (red)-1,10.546,255,13.81,0.695,5.259,202,595,161.565,3.326,1.526,0.655,0.808
695,Image_14456-1.jpg (red)-1,26.798,255,19.833,0.856,6.92,235,609,57.265,5.821,1.164,0.859,0.909
696,Image_14456-1.jpg (red)-1,14.177,255,14.6,0.836,5.421,731,595,122.471,3.528,1.51,0.662,0.863
697,Image_14456-1.jpg (red)-1,29.218,255,23.647,0.657,9.204,85,607,18.435,4.574,2.095,0.477,0.849
698,Image_14456-1.jpg (red)-1,37.171,255,23.159,0.871,8.572,466,603,165.964,5.821,1.38,0.725,0.917
699,Image_14456-1.jpg (red)-1,63.969,255,31.576,0.806,10.914,688,610,17.745,7.758,1.392,0.718,0.92
700,Image_14456-1.jpg (red)-1,72.441,255,37.7,0.64,12.836,719,600,114.905,8.056,1.6,0.625,0.9
701,Image_14456-1.jpg (red)-1,58.091,255,31.03,0.758,11.196,171,601,121.329,6.474,1.604,0.623,0.939
702,Image_14456-1.jpg (red)-1,26.106,255,20.118,0.811,7.644,208,611,22.38,4.574,1.692,0.591,0.924
703,Image_14456-1.jpg (red)-1,43.741,255,26.301,0.795,9.381,388,623,77.196,7.056,1.141,0.876,0.886
704,Image_14456-1.jpg (red)-1,26.798,255,20.866,0.773,7.53,747,601,96.34,5.535,1.455,0.687,0.881
705,Image_14456-1.jpg (red)-1,42.877,255,26.1,0.791,9.572,249,606,145.62,6.653,1.348,0.742,0.912
706,Image_14456-1.jpg (red)-1,30.774,255,20.95,0.881,7.403,348,603,141.843,5.821,1.073,0.932,0.942
707,Image_14456-1.jpg (red)-1,18.153,255,15.473,0.953,5.776,541,611,30.256,4.574,1.121,0.892,0.921
708,Image_14456-1.jpg (red)-1,39.592,255,26.343,0.717,9.857,104,620,27.646,6.048,1.656,0.604,0.861
709,Image_14456-1.jpg (red)-1,69.674,255,35.449,0.697,11.739,498,623,22.932,8.368,1.32,0.758,0.882
710,Image_14456-1.jpg (red)-1,17.635,255,16.994,0.767,6.181,487,606,160.346,4.574,1.34,0.746,0.864
711,Image_14456-1.jpg (red)-1,23.513,255,18.758,0.84,6.82,316,608,142.431,4.998,1.368,0.731,0.866
712,Image_14456-1.jpg (red)-1,66.217,255,34.962,0.681,12.721,60,637,78.69,7.81,1.74,0.575,0.856
713,Image_14456-1.jpg (red)-1,19.536,255,18.657,0.705,6.769,83,607,100.62,4.158,1.644,0.608,0.866
714,Image_14456-1.jpg (red)-1,36.48,255,25.612,0.699,10.151,672,609,145.008,5.969,1.736,0.576,0.879
715,Image_14456-1.jpg (red)-1,67.254,255,39.91,0.531,16.307,416,611,160.641,6.223,2.942,0.34,0.829
716,Image_14456-1.jpg (red)-1,10.546,255,12.491,0.849,4.867,608,613,160.017,3.161,1.608,0.622,0.847
717,Image_14456-1.jpg (red)-1,28.7,255,21.496,0.78,7.496,278,614,146.31,6.152,1.29,0.775,0.89
718,Image_14456-1.jpg (red)-1,61.203,255,34.676,0.64,13.62,552,613,148.736,7.25,1.969,0.508,0.853
719,Image_14456-1.jpg (red)-1,139.176,255,51.124,0.669,19.396,121,618,120.964,9.806,2.085,0.48,0.917
720,Image_14456-1.jpg (red)-1,31.466,255,24.294,0.67,8.572,459,615,104.036,5.206,1.808,0.553,0.818
721,Image_14456-1.jpg (red)-1,17.462,255,19.976,0.55,7.154,476,629,54.462,5.042,1.623,0.616,0.721
722,Image_14456-1.jpg (red)-1,22.476,255,19.69,0.728,7.274,373,618,149.036,4.574,1.678,0.596,0.867
723,Image_14456-1.jpg (red)-1,25.761,255,21.152,0.724,7.403,406,633,51.843,5.405,1.095,0.913,0.876
724,Image_14456-1.jpg (red)-1,18.499,255,17.136,0.792,6.237,212,631,36.87,4.881,1.146,0.873,0.892
725,Image_14456-1.jpg (red)-1,63.105,255,32.123,0.769,11.196,337,619,105.068,8.316,1.271,0.787,0.89
726,Image_14456-1.jpg (red)-1,13.485,255,16.994,0.587,6.495,488,619,140.194,3.743,1.835,0.545,0.761
727,Image_14456-1.jpg (red)-1,49.446,255,30.703,0.659,11.47,256,621,133.531,7.557,1.612,0.621,0.836
728,Image_14456-1.jpg (red)-1,76.071,255,38.692,0.639,14.806,302,649,51.843,7.644,2.286,0.437,0.845
729,Image_14456-1.jpg (red)-1,25.588,255,22.714,0.623,8.419,521,631,20.225,4.158,2.283,0.438,0.829
730,Image_14456-1.jpg (red)-1,93.36,255,44.151,0.602,17.957,604,630,174.685,6.963,2.846,0.351,0.9
731,Image_14456-1.jpg (red)-1,19.364,255,18.901,0.681,7.117,219,634,6.71,4.158,1.504,0.665,0.868
732,Image_14456-1.jpg (red)-1,39.246,255,26.26,0.715,9.734,104,625,109.983,5.86,1.751,0.571,0.839
733,Image_14456-1.jpg (red)-1,36.825,255,23.059,0.87,8.368,356,636,26.565,5.821,1.355,0.738,0.928
734,Image_14456-1.jpg (red)-1,13.831,255,13.81,0.911,5.075,424,634,34.992,3.993,1.304,0.767,0.899
735,Image_14456-1.jpg (red)-1,73.824,255,34.088,0.798,12.509,672,640,15.422,9.149,1.311,0.763,0.904
736,Image_14456-1.jpg (red)-1,272.473,255,67.269,0.757,24.001,696,652,14.036,14.969,1.682,0.594,0.93
737,Image_14456-1.jpg (red)-1,39.592,255,28.493,0.613,10.286,187,636,14.036,5.68,2.108,0.474,0.821
738,Image_14456-1.jpg (red)-1,21.957,255,19.001,0.764,6.97,237,632,162.646,4.841,1.367,0.732,0.849
739,Image_14456-1.jpg (red)-1,30.947,255,20.665,0.911,7.496,75,640,19.44,5.821,1.24,0.807,0.918
740,Image_14456-1.jpg (red)-1,35.097,255,22.328,0.885,8.073,157,649,78.111,5.821,1.367,0.732,0.927
741,Image_14456-1.jpg (red)-1,28.008,255,21.841,0.738,7.734,374,630,126.254,5.764,1.232,0.812,0.844
742,Image_14456-1.jpg (red)-1,24.896,255,20.077,0.776,7.734,391,634,143.746,4.841,1.627,0.614,0.881
743,Image_14456-1.jpg (red)-1,96.299,255,38.633,0.811,12.843,492,659,60.945,11.088,1.093,0.914,0.931
744,Image_14456-1.jpg (red)-1,22.648,255,19.043,0.785,6.82,216,648,52.431,4.99,1.213,0.824,0.9
745,Image_14456-1.jpg (red)-1,16.252,255,16.305,0.768,5.953,255,635,102.095,3.742,1.697,0.589,0.858
746,Image_14456-1.jpg (red)-1,181.534,255,52.526,0.827,17.69,568,656,23.552,14.125,1.149,0.87,0.948
747,Image_14456-1.jpg (red)-1,15.906,255,15.23,0.862,5.953,171,637,155.225,3.933,1.514,0.66,0.911
748,Image_14456-1.jpg (red)-1,11.756,255,12.29,0.978,4.498,408,637,123.69,3.742,1.06,0.943,0.938
749,Image_14456-1.jpg (red)-1,48.409,255,31.047,0.631,12.404,47,640,129.56,5.686,2.219,0.451,0.872
750,Image_14456-1.jpg (red)-1,70.539,255,38.674,0.593,13.977,466,639,120.379,8.316,1.699,0.589,0.828
751,Image_14456-1.jpg (red)-1,42.185,255,31.475,0.535,9.482,315,642,142.125,6.423,1.254,0.797,0.891
752,Image_14456-1.jpg (red)-1,65.352,255,33.299,0.741,11.583,351,648,158.962,9.204,1.145,0.873,0.888
753,Image_14456-1.jpg (red)-1,75.725,255,34.214,0.813,12.896,423,654,20.772,7.069,1.759,0.569,0.948
754,Image_14456-1.jpg (red)-1,17.462,255,16.507,0.805,5.836,648,640,94.086,4.835,1.137,0.879,0.849
755,Image_14456-1.jpg (red)-1,48.928,255,27.763,0.798,9.707,262,650,170.134,7.375,1.343,0.745,0.897
756,Image_14456-1.jpg (red)-1,180.669,255,56.97,0.7,20.715,520,643,128.48,14.553,1.424,0.702,0.9
757,Image_14456-1.jpg (red)-1,26.106,255,20.522,0.779,7.262,623,642,103.241,5.531,1.295,0.772,0.858
758,Image_14456-1.jpg (red)-1,94.398,255,39.565,0.758,14.765,180,654,9.728,9.723,1.501,0.666,0.914
759,Image_14456-1.jpg (red)-1,32.33,255,24.781,0.662,10.151,92,645,124.992,5.063,2.311,0.433,0.852
760,Image_14456-1.jpg (red)-1,101.659,255,41.875,0.729,14.876,218,655,153.435,9.996,1.453,0.688,0.909
761,Image_14456-1.jpg (red)-1,20.92,255,17.38,0.87,6.181,111,652,160.346,4.574,1.361,0.735,0.92
762,Image_14456-1.jpg (red)-1,28.7,255,21.454,0.784,8.03,674,651,158.749,5.856,1.399,0.715,0.878
763,Image_14456-1.jpg (red)-1,47.026,255,26.83,0.821,9.742,403,651,129.806,6.837,1.407,0.711,0.924
764,Image_14456-1.jpg (red)-1,25.415,255,21.009,0.724,7.262,144,663,13.241,5.708,1.367,0.732,0.833
765,Image_14456-1.jpg (red)-1,79.01,255,34.558,0.831,12.278,67,675,28.301,9.148,1.243,0.805,0.936
766,Image_14456-1.jpg (red)-1,22.303,255,17.582,0.907,7.069,450,655,118.072,4.704,1.531,0.653,0.921
767,Image_14456-1.jpg (red)-1,83.678,255,36.541,0.788,13.214,111,676,24.146,8.82,1.403,0.713,0.907
768,Image_14456-1.jpg (red)-1,17.635,255,15.574,0.914,5.791,661,670,68.962,4.574,1.319,0.758,0.895
769,Image_14456-1.jpg (red)-1,42.531,255,27.477,0.708,10.395,260,662,143.13,6.174,1.925,0.519,0.845
770,Image_14456-1.jpg (red)-1,14.004,255,13.323,0.991,4.849,610,659,120.964,4.116,1.154,0.866,0.91
771,Image_14456-1.jpg (red)-1,37.863,255,24.377,0.801,8.898,284,660,142.595,6.237,1.259,0.794,0.922
772,Image_14456-1.jpg (red)-1,15.214,255,15.087,0.84,5.655,315,670,17.103,4.116,1.291,0.774,0.876
773,Image_14456-1.jpg (red)-1,16.597,255,16.162,0.798,6.333,670,661,113.199,4.41,1.336,0.749,0.869
774,Image_14456-1.jpg (red)-1,82.468,255,43.135,0.557,15.34,346,664,122.829,8.647,1.914,0.523,0.797
775,Image_14456-1.jpg (red)-1,39.246,255,25.898,0.735,9.344,499,662,122.276,6.237,1.208,0.828,0.888
776,Image_14456-1.jpg (red)-1,82.814,255,38.33,0.708,13.208,567,664,151.821,10.21,1.31,0.763,0.9
777,Image_14456-1.jpg (red)-1,103.906,255,40.741,0.787,13.897,641,663,128.928,10.87,1.229,0.814,0.904
778,Image_14456-1.jpg (red)-1,38.381,255,23.991,0.838,9.344,208,665,122.276,5.871,1.624,0.616,0.925
779,Image_14456-1.jpg (red)-1,65.525,255,31.333,0.839,11.072,375,689,55.713,8.152,1.342,0.745,0.932
780,Image_14456-1.jpg (red)-1,19.882,255,18.312,0.745,7.262,514,673,13.241,4.034,1.828,0.547,0.865
781,Image_14456-1.jpg (red)-1,82.295,255,37.029,0.754,12.236,398,673,170.218,10.585,1.202,0.832,0.869
782,Image_14456-1.jpg (red)-1,14.696,255,15.23,0.796,5.579,156,668,116.565,4.401,1.295,0.772,0.867
783,Image_14456-1.jpg (red)-1,59.647,255,30.014,0.832,11.072,438,668,145.713,7.758,1.426,0.701,0.929
784,Image_14456-1.jpg (red)-1,63.796,255,30.988,0.835,10.625,173,672,149.421,8.316,1.103,0.907,0.938
785,Image_14456-1.jpg (red)-1,85.062,255,37.272,0.769,13.677,332,700,70.463,9.702,1.369,0.731,0.909
786,Image_14456-1.jpg (red)-1,51.694,255,28.653,0.791,9.644,620,692,82.569,8.04,1.119,0.893,0.882
787,Image_14456-1.jpg (red)-1,16.597,255,15.129,0.911,6.181,303,670,132.274,4.208,1.462,0.684,0.928
788,Image_14456-1.jpg (red)-1,10.719,255,12.046,0.928,4.741,141,681,37.875,3.636,1.335,0.749,0.905
789,Image_14456-1.jpg (red)-1,14.35,255,14.986,0.803,5.405,464,688,67.38,4.158,1.329,0.753,0.86
790,Image_14456-1.jpg (red)-1,11.411,255,13.709,0.763,4.741,262,679,127.875,3.742,1.025,0.976,0.868
791,Image_14456-1.jpg (red)-1,20.92,255,18.556,0.763,7.438,472,680,153.435,4.158,1.619,0.618,0.893
792,Image_14456-1.jpg (red)-1,66.562,255,37.07,0.609,12.123,234,705,59.036,9.27,1.266,0.79,0.807
793,Image_14456-1.jpg (red)-1,20.747,255,16.792,0.925,5.997,196,681,146.31,4.99,1.093,0.915,0.938
794,Image_14456-1.jpg (red)-1,29.391,255,20.177,0.907,6.97,592,684,162.646,5.88,1.184,0.845,0.907
795,Image_14456-1.jpg (red)-1,72.441,255,34.273,0.775,12.363,156,681,132.274,9.283,1.328,0.753,0.894
796,Image_14456-1.jpg (red)-1,19.191,255,17.136,0.821,6.574,510,682,124.695,4.574,1.209,0.827,0.888
797,Image_14456-1.jpg (red)-1,13.312,255,14.297,0.818,5.405,275,682,112.62,3.63,1.457,0.686,0.88
798,Image_14456-1.jpg (red)-1,22.13,255,20.421,0.667,7.768,423,686,164.476,4.615,1.664,0.601,0.818
799,Image_14456-1.jpg (red)-1,10.373,255,11.802,0.936,4.341,117,689,163.301,3.326,1.316,0.76,0.902
800,Image_14456-1.jpg (red)-1,30.429,255,21.681,0.813,8.073,527,686,145.491,5.405,1.231,0.813,0.926
801,Image_14456-1.jpg (red)-1,49.619,255,30.258,0.681,10.914,303,711,72.255,7.233,1.538,0.65,0.819
802,Image_14456-1.jpg (red)-1,45.816,255,27.662,0.752,10.328,489,688,139.899,7.044,1.411,0.709,0.886
803,Image_14456-1.jpg (red)-1,73.132,255,38.389,0.624,11.739,251,695,157.068,9.642,1.078,0.927,0.859
804,Image_14456-1.jpg (red)-1,58.782,255,33.299,0.666,13.286,454,694,159.864,6.099,2.353,0.425,0.895
805,Image_14456-1.jpg (red)-1,85.062,255,37.07,0.778,12.667,617,718,66.801,9.554,1.245,0.804,0.904
806,Image_14456-1.jpg (red)-1,53.423,255,30.216,0.735,11.157,652,691,153.435,7.056,1.646,0.608,0.887
807,Image_14456-1.jpg (red)-1,34.059,255,23.159,0.798,8.073,440,711,78.111,5.636,1.428,0.7,0.902
808,Image_14456-1.jpg (red)-1,11.929,255,12.878,0.904,4.741,201,694,127.875,3.742,1.188,0.842,0.902
809,Image_14456-1.jpg (red)-1,24.896,255,20.035,0.779,7.588,377,699,170.538,5.559,1.26,0.793,0.857
810,Image_14456-1.jpg (red)-1,112.724,255,42.363,0.789,14.606,395,703,175.101,11.726,1.238,0.808,0.924
811,Image_14456-1.jpg (red)-1,19.536,255,16.994,0.85,6.347,579,696,148.392,4.204,1.581,0.633,0.89
812,Image_14456-1.jpg (red)-1,41.321,255,25.369,0.807,8.742,559,702,154.654,6.689,1.214,0.824,0.892
813,Image_14456-1.jpg (red)-1,29.737,255,23.504,0.676,7.496,593,704,19.44,6.176,1.202,0.832,0.819
814,Image_14456-1.jpg (red)-1,130.704,255,50.132,0.654,18.544,512,740,70.346,10.682,1.812,0.552,0.883
815,Image_14456-1.jpg (red)-1,15.041,255,15.331,0.804,5.953,551,711,65.225,4.116,1.407,0.711,0.861
816,Image_14456-1.jpg (red)-1,13.312,255,13.222,0.957,5.21,343,701,151.39,3.682,1.428,0.7,0.922
817,Image_14456-1.jpg (red)-1,72.786,255,33.584,0.811,11.65,165,708,145.176,8.807,1.217,0.821,0.902
818,Image_14456-1.jpg (red)-1,67.427,255,33.055,0.775,11.009,219,713,169.114,8.79,1.134,0.882,0.881
819,Image_14456-1.jpg (red)-1,98.201,255,43.337,0.657,14.765,435,721,9.728,10.536,1.406,0.711,0.838
820,Image_14456-1.jpg (red)-1,24.896,255,19.346,0.836,7.368,265,714,163.61,5.296,1.456,0.687,0.881
821,Image_14456-1.jpg (red)-1,38.036,255,25.957,0.709,9.381,300,722,12.804,5.945,1.46,0.685,0.841
822,Image_14456-1.jpg (red)-1,25.069,255,21.253,0.697,7.987,369,711,141.34,4.649,1.867,0.536,0.855
823,Image_14456-1.jpg (red)-1,58.955,255,32.752,0.691,11.907,472,717,167.905,6.913,1.645,0.608,0.883
824,Image_14456-1.jpg (red)-1,63.45,255,31.82,0.787,12.108,323,714,164.055,6.653,1.751,0.571,0.94
825,Image_14456-1.jpg (red)-1,37.863,255,25.268,0.745,9.482,594,713,164.745,6.043,1.55,0.645,0.876
826,Image_14456-1.jpg (red)-1,13.831,255,14.743,0.8,4.867,203,719,160.017,4.158,1.114,0.897,0.889
827,Image_14456-1.jpg (red)-1,12.621,255,13.911,0.82,5.655,386,718,126.027,3.234,1.763,0.567,0.874
828,Image_14456-1.jpg (red)-1,15.041,255,18.514,0.551,7.734,282,721,126.254,3.529,2.868,0.349,0.757
829,Image_14456-1.jpg (red)-1,27.835,255,20.908,0.8,7.154,244,722,125.538,5.917,1.122,0.892,0.885
830,Image_14456-1.jpg (red)-1,93.706,255,38.229,0.806,13.639,185,726,142.431,9.148,1.423,0.703,0.948
831,Image_14456-1.jpg (red)-1,29.564,255,22.613,0.727,8.316,552,725,126.87,4.939,1.537,0.651,0.895
832,Image_14456-1.jpg (red)-1,72.441,255,36.482,0.684,13.409,346,738,7.125,7.251,1.909,0.524,0.887
833,Image_14456-1.jpg (red)-1,86.963,255,44.026,0.564,13.715,388,742,14.036,10.755,1.611,0.621,0.8
834,Image_14456-1.jpg (red)-1,11.756,255,15.23,0.637,5.594,608,726,131.987,4.208,1.386,0.722,0.747
835,Image_14456-1.jpg (red)-1,12.275,255,13.222,0.882,5.024,266,729,114.444,3.742,1.205,0.83,0.893
836,Image_14456-1.jpg (red)-1,61.203,255,33.013,0.706,12.342,322,754,57.381,6.624,1.912,0.523,0.884
837,Image_14456-1.jpg (red)-1,41.148,255,24.294,0.876,8.572,578,729,112.834,6.762,1.229,0.814,0.902
838,Image_14456-1.jpg (red)-1,31.466,255,22.53,0.779,8.771,431,734,148.57,5.074,1.881,0.532,0.879
839,Image_14456-1.jpg (red)-1,20.401,255,18.212,0.773,6.705,530,744,60.255,4.648,1.283,0.78,0.864
840,Image_14456-1.jpg (red)-1,13.485,255,14.054,0.858,5.259,300,735,161.565,3.682,1.547,0.646,0.886
841,Image_14456-1.jpg (red)-1,17.116,255,16.406,0.799,5.655,594,732,126.027,4.602,1.382,0.724,0.835
842,Image_14456-1.jpg (red)-1,42.358,255,26.83,0.739,9.813,623,749,36.384,6.552,1.439,0.695,0.872
843,Image_14456-1.jpg (red)-1,20.055,255,16.406,0.936,5.997,492,747,33.69,4.99,1.144,0.874,0.91
844,Image_14456-1.jpg (red)-1,25.242,255,20.421,0.761,6.92,273,750,32.735,5.997,1.087,0.92,0.859
845,Image_14456-1.jpg (red)-1,40.283,255,25.612,0.772,9.599,238,744,175.03,6.404,1.495,0.669,0.896
846,Image_14456-1.jpg (red)-1,174.445,255,55.442,0.713,18.267,536,759,168.179,14.278,1.035,0.966,0.879
847,Image_14456-1.jpg (red)-1,48.409,255,27.477,0.806,10.125,368,757,19.179,6.883,1.484,0.674,0.875
848,Image_14456-1.jpg (red)-1,177.211,255,60.129,0.616,19.289,478,790,82.569,14.579,1.228,0.815,0.838
849,Image_14456-1.jpg (red)-1,48.236,255,30.115,0.668,12.087,516,746,130.815,5.879,2.257,0.443,0.871
850,Image_14456-1.jpg (red)-1,20.228,255,19.144,0.694,6.97,211,747,162.646,4.331,1.74,0.575,0.821
851,Image_14456-1.jpg (red)-1,83.851,255,37.986,0.73,13.537,412,749,137.49,10.291,1.257,0.796,0.896
852,Image_14456-1.jpg (red)-1,38.727,255,26.688,0.683,9.698,289,748,120.964,6.745,1.484,0.674,0.836
853,Image_14456-1.jpg (red)-1,19.191,255,16.994,0.835,6.92,259,751,122.735,3.993,1.828,0.547,0.902
854,Image_14456-1.jpg (red)-1,13.658,255,14.297,0.84,5.88,307,758,135,4.076,1.338,0.748,0.893
855,Image_14456-1.jpg (red)-1,24.204,255,18.514,0.887,7.069,229,761,151.928,4.835,1.505,0.665,0.909
856,Image_14456-1.jpg (red)-1,29.045,255,20.564,0.863,7.667,318,760,139.399,5.579,1.343,0.745,0.913
857,Image_14456-1.jpg (red)-1,42.012,255,26.242,0.767,9.157,392,772,39.472,6.491,1.308,0.765,0.907
858,Image_14456-1.jpg (red)-1,84.37,255,36.827,0.782,12.721,265,771,168.69,10.125,1.233,0.811,0.875
859,Image_14456-1.jpg (red)-1,53.769,255,28.594,0.826,9.698,370,781,30.964,7.787,1.146,0.873,0.908
860,Image_14456-1.jpg (red)-1,14.523,255,14.642,0.851,5.594,300,772,131.987,3.961,1.468,0.681,0.875
861,Image_14456-1.jpg (red)-1,80.739,255,34.273,0.864,12.144,344,772,128.047,8.81,1.355,0.738,0.939
862,Image_14456-1.jpg (red)-1,112.032,255,42.992,0.762,15.175,415,780,170.538,10.755,1.335,0.749,0.905
863,Image_14456-1.jpg (red)-1,20.228,255,17.582,0.822,6.139,448,776,151.699,4.649,1.204,0.831,0.873
864,Image_14456-1.jpg (red)-1,12.621,255,13.953,0.815,5.776,540,774,120.256,3.227,1.77,0.565,0.907